<?xml version="1.0" encoding="UTF-8" standalone="yes"?>
<addon id="game.controller.dreamcast"
        name="Dreamcast Controller"
        version="1.0.0"
        provider-name="garbear">
    <requires>
    </requires>
    <extension point="kodi.game.controller" library="layout.xml"/>
    <extension point="xbmc.addon.metadata">
        <summary>Dreamcast controller</summary>
        <description>The Dreamcast Controller is the primary user interface for the Sega Dreamcast. It is a logical progression from the 3D Control Pad for the Sega Saturn and is supported by every Dreamcast game.</description>
        <disclaimer></disclaimer>
        <platform>all</platform>
        <nofanart>true</nofanart>
    </extension>
</addon>
