<?xml version="1.0" encoding="UTF-8" standalone="yes"?>
<layout name="Dreamcast" label="30000" image="layout.png">
	<face>
		<button name="a" type="digital" label="30001"/>
		<button name="b" type="digital" label="30002"/>
                <button name="x" type="digital" label="30003"/>
                <button name="y" type="digital" label="30004"/>
		<button name="start" type="digital" label="30005"/>
		<button name="up" type="digital" label="30006" direction="up"/>
		<button name="down" type="digital" label="30007" direction="down"/>
		<button name="right" type="digital" label="30008" direction="right"/>
		<button name="left" type="digital" label="30009" direction="left"/>
	</face>
	<triggers>
		<button name="lefttrigger" type="digital" label="30010"/>
                <button name="righttrigger" type="digital" label="30011"/>
	</triggers>
	<analogsticks>
		<analogstick name="analogstick" label="30012"/>
	</analogsticks>
</layout>
