<?xml version="1.0" encoding="UTF-8" standalone="yes"?>
<addon id="game.controller.nes"
        name="NES Controller"
        version="1.0.0"
        provider-name="garbear">
    <requires>
        <import addon="kodi.game" version="1.0.0"/>
    </requires>
    <extension point="kodi.game.controller" library="layout.xml"/>
    <extension point="xbmc.addon.metadata">
        <summary>NES controller</summary>
        <description>The game controller used for both the NES and the Famicom features a simple four button layout and a cross-shaped joypad.</description>
        <disclaimer></disclaimer>
        <platform>all</platform>
        <nofanart>true</nofanart>
    </extension>
</addon>
