<!DOCTYPE datafile [<!ELEMENT datafile ANY>	<!ELEMENT header ANY>		<!ELEMENT emu_name (#PCDATA)>		<!ELEMENT emu_parser (#PCDATA)>		<!ELEMENT emu_description (#PCDATA)>		<!ELEMENT emu_category (#PCDATA)>		<!ELEMENT emu_version (#PCDATA)>		<!ELEMENT emu_date (#PCDATA)>		<!ELEMENT emu_author (#PCDATA)>		<!ELEMENT emu_homepage (#PCDATA)>		<!ELEMENT emu_baseurl (#PCDATA)>		<!ELEMENT emu_launcher (#PCDATA)>		<!ELEMENT emu_ext_launch_cmd (#PCDATA)>		<!ELEMENT emu_downloadpath (#PCDATA)>		<!ELEMENT emu_postdlaction (#PCDATA)>		<!ELEMENT emu_comment (#PCDATA)>		<!ELEMENT emu_thumb (#PCDATA)>		<!ELEMENT emu_banner (#PCDATA)>		<!ELEMENT emu_fanart (#PCDATA)>		<!ELEMENT emu_logo (#PCDATA)>		<!ELEMENT emu_trailer (#PCDATA)>	<!ELEMENT game ANY>		<!ATTLIST game name CDATA #REQUIRED>		<!ELEMENT description (#PCDATA)>		<!ELEMENT rom EMPTY>			<!ATTLIST rom name CDATA #REQUIRED>			<!ATTLIST rom size CDATA #REQUIRED>			<!ATTLIST rom crc CDATA #IMPLIED>			<!ATTLIST rom sha1 CDATA #IMPLIED>			<!ATTLIST rom status (baddump|nodump|good|verified) "good">		<!ELEMENT videoid (#PCDATA)>		<!ELEMENT plot (#PCDATA)>		<!ELEMENT genre (#PCDATA)>		<!ELEMENT nplayers (#PCDATA)>		<!ELEMENT studio (#PCDATA)>		<!ELEMENT releasedate (#PCDATA)>		<!ELEMENT fanart1 (#PCDATA)>		<!ELEMENT fanart2 (#PCDATA)>		<!ELEMENT fanart3 (#PCDATA)>		<!ELEMENT fanart4 (#PCDATA)>		<!ELEMENT fanart5 (#PCDATA)>		<!ELEMENT fanart6 (#PCDATA)>		<!ELEMENT fanart7 (#PCDATA)>		<!ELEMENT fanart8 (#PCDATA)>		<!ELEMENT fanart9 (#PCDATA)>		<!ELEMENT fanart10 (#PCDATA)>		<!ELEMENT fanart11 (#PCDATA)>		<!ELEMENT fanart12 (#PCDATA)>		<!ELEMENT fanart13 (#PCDATA)>		<!ELEMENT fanart14 (#PCDATA)>		<!ELEMENT fanart15 (#PCDATA)>		<!ELEMENT fanart16 (#PCDATA)>		<!ELEMENT fanart17 (#PCDATA)>		<!ELEMENT fanart18 (#PCDATA)>		<!ELEMENT fanart19 (#PCDATA)>		<!ELEMENT fanart20 (#PCDATA)>		<!ELEMENT fanart21 (#PCDATA)>		<!ELEMENT fanart22 (#PCDATA)>		<!ELEMENT fanart23 (#PCDATA)>		<!ELEMENT fanart24 (#PCDATA)>		<!ELEMENT fanart25 (#PCDATA)>		<!ELEMENT fanart26 (#PCDATA)>		<!ELEMENT fanart27 (#PCDATA)>		<!ELEMENT fanart28 (#PCDATA)>		<!ELEMENT fanart29 (#PCDATA)>		<!ELEMENT fanart30 (#PCDATA)>		<!ELEMENT boxart1 (#PCDATA)>		<!ELEMENT boxart2 (#PCDATA)>		<!ELEMENT boxart3 (#PCDATA)>		<!ELEMENT boxart4 (#PCDATA)>		<!ELEMENT boxart5 (#PCDATA)>		<!ELEMENT boxart6 (#PCDATA)>		<!ELEMENT boxart7 (#PCDATA)>		<!ELEMENT boxart8 (#PCDATA)>		<!ELEMENT boxart9 (#PCDATA)>		<!ELEMENT boxart10 (#PCDATA)>		<!ELEMENT snapshot1 (#PCDATA)>		<!ELEMENT snapshot2 (#PCDATA)>		<!ELEMENT snapshot3 (#PCDATA)>		<!ELEMENT snapshot4 (#PCDATA)>		<!ELEMENT snapshot5 (#PCDATA)>		<!ELEMENT snapshot6 (#PCDATA)>		<!ELEMENT snapshot7 (#PCDATA)>		<!ELEMENT snapshot8 (#PCDATA)>		<!ELEMENT snapshot9 (#PCDATA)>		<!ELEMENT snapshot10 (#PCDATA)>		<!ELEMENT banner1 (#PCDATA)>		<!ELEMENT banner2 (#PCDATA)>		<!ELEMENT banner3 (#PCDATA)>		<!ELEMENT banner4 (#PCDATA)>		<!ELEMENT banner5 (#PCDATA)>		<!ELEMENT banner6 (#PCDATA)>		<!ELEMENT banner7 (#PCDATA)>		<!ELEMENT banner8 (#PCDATA)>		<!ELEMENT banner9 (#PCDATA)>		<!ELEMENT banner10 (#PCDATA)>		<!ELEMENT clearlogo1 (#PCDATA)>		<!ELEMENT clearlogo2 (#PCDATA)>		<!ELEMENT clearlogo3 (#PCDATA)>		<!ELEMENT clearlogo4 (#PCDATA)>		<!ELEMENT clearlogo5 (#PCDATA)>		<!ELEMENT clearlogo6 (#PCDATA)>		<!ELEMENT clearlogo7 (#PCDATA)>		<!ELEMENT clearlogo8 (#PCDATA)>		<!ELEMENT clearlogo9 (#PCDATA)>		<!ELEMENT clearlogo10 (#PCDATA)>]>	<datafile>		<header>			<emu_name>Sega 32X</emu_name>			<emu_parser>NoIntro_parser.xml</emu_parser>			<emu_description>No-Intro_32X</emu_description>			<emu_category>Sega</emu_category>			<emu_version>08102015</emu_version>			<emu_date>03/03/2015</emu_date>			<emu_author>no-intro</emu_author>			<emu_homepage>http://www.no-intro.org</emu_homepage>			<emu_baseurl>http://archive.org/download/No-Intro-Collection_2015-03-03/Sega%20-%2032X.zip/Sega%20-%2032X%2F</emu_baseurl>			<emu_launcher>retroplayer</emu_launcher>			<emu_ext_launch_cmd>none</emu_ext_launch_cmd>			<emu_downloadpath>default</emu_downloadpath>			<emu_postdlaction>unzip_rom</emu_postdlaction>			<emu_comment>No Intro Sega 32X List by Zach Morris, removed all beta, and Non-USA games.The Sega 32X, codenamed Project Mars, is an add-on for the Mega Drive/Genesis video game console by Sega. Its aim was to increase the lifespan of the aging Mega Drive/Genesis system, which was facing stiff competition from the SNES. While connecting it to Mega Drive did increase its capabilities, reluctance to adapt due to the previous failure of the Mega-CD and the upcoming Sega Saturn system led to low sales and a short lifespan. It was distributed under the name Sega Super 32X in Japan, Sega Genesis 32X in North America, Sega Mega Drive 32X in the PAL region, and Sega Mega 32X in Brazil.Developer:  SegaManufacturer:  SegaCPU:  2 × SH-2 32-bit RISCMemory:  256 kB program RAMGraphics:  N/ASound:  Stereo 10-bit PWM (Pulse Width Modulation)Display:  320 × 240Media:  CartridgeMax. Controllers:  2			</emu_comment>			<emu_thumb>http://thegamesdb.net/banners/platform/boxart/33-1.jpg</emu_thumb>			<emu_banner>http://thegamesdb.net/banners/platform/banners/33-1.jpg</emu_banner>			<emu_fanart>http://upload.wikimedia.org/wikipedia/commons/a/a0/Sega-Genesis-Model2-32X.jpg</emu_fanart>			<emu_logo>http://upload.wikimedia.org/wikipedia/en/6/6c/Sega_32X_logo.png</emu_logo>			<emu_trailer>kxVOpWNlbDE</emu_trailer>		</header>			<game name="After Burner Complete ~ After Burner (Japan, USA)">					<description>After Burner Complete ~ After Burner (Japan, USA)</description>					<rom crc="204044c4" name="After Burner Complete ~ After Burner (Japan, USA).zip" size="2097152"/>					<plot>Strap into your lethal F14 Tomcat, kick-in the afterburner and set the skies alight!  You fly through multiple day and night missions over land and sea, picking off enemy targets as you lock and launch your deadly Sidewinder missiles.</plot>					<genre>Flight SimulatorShooter</genre>					<releasedate>01/13/1995</releasedate>					<nplayers>1</nplayers>					<fanart1>http://thegamesdb.net/banners/fanart/original/4912-1.jpg</fanart1>					<boxart1>http://thegamesdb.net/banners/boxart/original/front/4912-1.jpg</boxart1>					<boxart2>http://thegamesdb.net/banners/boxart/original/back/4912-1.jpg</boxart2>			</game>			<game name="Amazing Spider-Man, The - Web of Fire (USA)">					<description>Amazing Spider-Man, The - Web of Fire (USA)</description>					<rom crc="29dce257" name="Amazing Spider-Man, The - Web of Fire (USA).zip" size="3145728"/>					<plot>The game features side-scrolling action in which Spider-Man has to take on various enemy types which want to kill him. Besides the usual range of melee kicks and punches, he also sticks to walls and uses special attacks based on his web fluid. Creating spider web &quot;vines&quot; are used to swing from building to building; either required to cross gaps or simply to progress faster in the levels. Every use of his fluid decreases a web bar which, just like health, is refilled by picking up items floating in the game world. The first goal of the game is to rescue the superhero Daredevil, who then continues to help Spider-Man out: after activating the associated special attack, Daredevil covers the screen with his attacks.</plot>					<genre>Action</genre>					<releasedate>01/01/1996</releasedate>					<nplayers>1</nplayers>					<fanart1>http://thegamesdb.net/banners/fanart/original/4925-1.jpg</fanart1>					<boxart1>http://thegamesdb.net/banners/boxart/original/front/4925-2.jpg</boxart1>					<boxart2>http://www.mobygames.com/images/covers/l/38643-the-amazing-spider-man-web-of-fire-sega-32x-front-cover.jpg</boxart2>					<boxart3>http://thegamesdb.net/banners/boxart/original/back/4925-2.jpg</boxart3>					<boxart4>http://www.mobygames.com/images/covers/l/38644-the-amazing-spider-man-web-of-fire-sega-32x-back-cover.jpg</boxart4>					<snapshot1>http://www.mobygames.com/images/shots/l/83855-the-amazing-spider-man-web-of-fire-sega-32x-screenshot-sega.jpg</snapshot1>					<snapshot2>http://www.mobygames.com/images/shots/l/83856-the-amazing-spider-man-web-of-fire-sega-32x-screenshot-again.jpg</snapshot2>					<snapshot3>http://www.mobygames.com/images/shots/l/83857-the-amazing-spider-man-web-of-fire-sega-32x-screenshot-marvel.jpg</snapshot3>					<snapshot4>http://www.mobygames.com/images/shots/l/83858-the-amazing-spider-man-web-of-fire-sega-32x-screenshot-the.jpg</snapshot4>					<snapshot5>http://www.mobygames.com/images/shots/l/83859-the-amazing-spider-man-web-of-fire-sega-32x-screenshot-main.jpg</snapshot5>					<snapshot6>http://www.mobygames.com/images/shots/l/83860-the-amazing-spider-man-web-of-fire-sega-32x-screenshot-the.jpg</snapshot6>					<snapshot7>http://www.mobygames.com/images/shots/l/83861-the-amazing-spider-man-web-of-fire-sega-32x-screenshot-fighting.jpg</snapshot7>					<snapshot8>http://www.mobygames.com/images/shots/l/83862-the-amazing-spider-man-web-of-fire-sega-32x-screenshot-high.jpg</snapshot8>					<snapshot9>http://www.mobygames.com/images/shots/l/83863-the-amazing-spider-man-web-of-fire-sega-32x-screenshot-wall.jpg</snapshot9>					<snapshot10>http://www.mobygames.com/images/shots/l/83864-the-amazing-spider-man-web-of-fire-sega-32x-screenshot-city.jpg</snapshot10>			</game>			<game name="BC Racers (USA)">					<description>BC Racers (USA)</description>					<rom crc="936c3d27" name="BC Racers (USA).zip" size="3145728"/>					<plot>Its pre-hysterical!  Millionaire playboy caveman Millstone Rockafella arranges a wild n wacky BC bike race, the winner of which receives the ultimate boulderdash bike.  Cool n crazy Cliff Ace has had his sunglasses set on a boulderdash bike since he was knee-high, so he signs up for the race - taking his cave-babe Roxy along for the ride!  The 32X pushes graphics to the limit with 256 colors for in-game graphics and full 24-bit for static display.  The stone-age never looked better!</plot>					<genre>Racing</genre>					<releasedate>01/01/1995</releasedate>					<nplayers>2</nplayers>					<boxart1>http://thegamesdb.net/banners/boxart/original/front/4913-1.jpg</boxart1>					<boxart2>http://www.mobygames.com/images/covers/l/14463-bc-racers-sega-32x-front-cover.jpg</boxart2>					<boxart3>http://thegamesdb.net/banners/boxart/original/back/4913-1.jpg</boxart3>					<boxart4>http://www.mobygames.com/images/covers/l/14464-bc-racers-sega-32x-back-cover.jpg</boxart4>					<snapshot1>http://www.mobygames.com/images/shots/l/35793-bc-racers-sega-32x-screenshot-the-32x-version-lacks-the-animated.jpg</snapshot1>					<snapshot2>http://www.mobygames.com/images/shots/l/35794-bc-racers-sega-32x-screenshot-character-selection.jpg</snapshot2>					<snapshot3>http://www.mobygames.com/images/shots/l/35795-bc-racers-sega-32x-screenshot-the-32x-version-s-graphics-are.jpg</snapshot3>					<snapshot4>http://www.mobygames.com/images/shots/l/35796-bc-racers-sega-32x-screenshot-night-rider.jpg</snapshot4>					<snapshot5>http://www.mobygames.com/images/shots/l/35797-bc-racers-sega-32x-screenshot-the-desert-track.jpg</snapshot5>					<clearlogo1>http://thegamesdb.net/banners/clearlogo/4913.png</clearlogo1>			</game>			<game name="Blackthorne (USA)">					<description>Blackthorne (USA)</description>					<rom crc="d1a60a47" name="Blackthorne (USA).zip" size="3145728"/>					<plot>Through the dark vastness of space, exiled prince Kyle Blackthorne returns to Tuul to avenge his murdered father and restore the shattered Lightstone.  The conqueror Sarlac opposes his vicious troops against the enraged prince.  But the evil lord will soon find out an army is not enough against a single fierce fighter with a vengeance!</plot>					<genre>ActionPlatform</genre>					<releasedate>01/01/1995</releasedate>					<nplayers>1</nplayers>					<videoid>YW-HYI-wqts</videoid>					<boxart1>http://thegamesdb.net/banners/boxart/original/front/9074-1.jpg</boxart1>					<boxart2>http://www.mobygames.com/images/covers/l/14454-blackthorne-sega-32x-front-cover.jpg</boxart2>					<boxart3>http://thegamesdb.net/banners/boxart/original/back/9074-1.jpg</boxart3>					<boxart4>http://www.mobygames.com/images/covers/l/14455-blackthorne-sega-32x-back-cover.jpg</boxart4>					<snapshot1>http://www.mobygames.com/images/shots/l/35390-blackthorne-sega-32x-screenshot-title-screen.jpg</snapshot1>					<snapshot2>http://www.mobygames.com/images/shots/l/35391-blackthorne-sega-32x-screenshot-have-a-conversation-with-the.jpg</snapshot2>					<snapshot3>http://www.mobygames.com/images/shots/l/35392-blackthorne-sega-32x-screenshot-hiding-in-the-shadows.jpg</snapshot3>					<snapshot4>http://www.mobygames.com/images/shots/l/35393-blackthorne-sega-32x-screenshot-animated-introduction.jpg</snapshot4>					<snapshot5>http://www.mobygames.com/images/shots/l/35394-blackthorne-sega-32x-screenshot-i-might-just-be-the-chosen.jpg</snapshot5>					<snapshot6>http://www.mobygames.com/images/shots/l/35395-blackthorne-sega-32x-screenshot-backgrounds-get-a-nice-upgrade.jpg</snapshot6>					<snapshot7>http://www.mobygames.com/images/shots/l/35396-blackthorne-sega-32x-screenshot-the-desert.jpg</snapshot7>					<snapshot8>http://www.mobygames.com/images/shots/l/35397-blackthorne-sega-32x-screenshot-scary-castle.jpg</snapshot8>			</game>			<game name="Brutal Unleashed - Above the Claw (USA)">					<description>Brutal Unleashed - Above the Claw (USA)</description>					<rom crc="7a72c939" name="Brutal Unleashed - Above the Claw (USA).zip" size="3145728"/>					<plot>Under the watchful eye of the great master Dali Llama, the worlds greatest martial artists would return to a place they knew well Brutal Island.  Each will use their own unique mental and physical martial arts style and training, in a tournament to prove the worlds one true champion.Brutal, Above the Claw, is a brilliantly rendered game of humorous cartoon style combat, combined with depth, philosophy, and an attention to detail not found in any other fighting game.Go ahead and Unleash the Animal, its time to get Brutal.</plot>					<genre>Fighting</genre>					<releasedate>01/01/1995</releasedate>					<nplayers>2</nplayers>					<boxart1>http://thegamesdb.net/banners/boxart/original/front/5295-1.jpg</boxart1>					<boxart2>http://www.mobygames.com/images/covers/l/31581-brutal-above-the-claw-sega-32x-front-cover.jpg</boxart2>					<boxart3>http://thegamesdb.net/banners/boxart/original/back/5295-1.jpg</boxart3>					<boxart4>http://www.mobygames.com/images/covers/l/31582-brutal-above-the-claw-sega-32x-back-cover.jpg</boxart4>					<boxart5>http://www.mobygames.com/images/covers/l/31583-brutal-above-the-claw-sega-32x-media.jpg</boxart5>					<snapshot1>http://www.mobygames.com/images/shots/l/456672-brutal-above-the-claw-sega-32x-screenshot-sega-logo.jpg</snapshot1>					<snapshot2>http://www.mobygames.com/images/shots/l/456673-brutal-above-the-claw-sega-32x-screenshot-first-title-screen.jpg</snapshot2>					<snapshot3>http://www.mobygames.com/images/shots/l/456674-brutal-above-the-claw-sega-32x-screenshot-second-title-screen.jpg</snapshot3>					<snapshot4>http://www.mobygames.com/images/shots/l/555504-brutal-above-the-claw-sega-32x-screenshot-a-character-shown.jpg</snapshot4>					<snapshot5>http://www.mobygames.com/images/shots/l/456675-brutal-above-the-claw-sega-32x-screenshot-main-menu.jpg</snapshot5>					<snapshot6>http://www.mobygames.com/images/shots/l/456676-brutal-above-the-claw-sega-32x-screenshot-options-screen.jpg</snapshot6>					<snapshot7>http://www.mobygames.com/images/shots/l/456677-brutal-above-the-claw-sega-32x-screenshot-name-entry.jpg</snapshot7>					<snapshot8>http://www.mobygames.com/images/shots/l/456678-brutal-above-the-claw-sega-32x-screenshot-character-selection.jpg</snapshot8>					<snapshot9>http://www.mobygames.com/images/shots/l/456679-brutal-above-the-claw-sega-32x-screenshot-vs-mode.jpg</snapshot9>					<snapshot10>http://www.mobygames.com/images/shots/l/456680-brutal-above-the-claw-sega-32x-screenshot-the-start-of-a-fight.jpg</snapshot10>			</game>			<game name="Chaotix ~ Knuckles' Chaotix (Japan, USA)">					<description>Chaotix ~ Knuckles' Chaotix (Japan, USA)</description>					<rom crc="d0b0b842" name="Chaotix ~ Knuckles' Chaotix (Japan, USA).zip" size="3145728"/>					<plot>A mysterious island rose from the sea shortly after the events of Sonic &amp; Knuckles. Dr. Robotnik discovered the island, and found a mysterious ring inscribed with descriptions of the Chaos Rings, ancient Rings infused with Chaos Emerald energy. In order to find these Rings, Robotnik built his base, the Newtrogic High Zone, on the island. Mighty the Armadillo, Espio the Chameleon, Vector the Crocodile, and Charmy Bee also arrived at the island, and ended up being captured by Robotnik and Metal Sonic, and placed in Robotnik's Combi Catcher machine. Knuckles, curious about the strange island, goes there as well, and manages to rescue Espio. The two then go on to stop Robotnik from getting the Chaos Rings.</plot>					<genre>Platform</genre>					<releasedate>04/21/1995</releasedate>					<nplayers>1</nplayers>					<boxart1>http://thegamesdb.net/banners/boxart/original/front/2290-1.jpg</boxart1>					<boxart2>http://www.mobygames.com/images/covers/l/15649-knuckles-chaotix-sega-32x-front-cover.jpg</boxart2>					<boxart3>http://www.mobygames.com/images/covers/l/74459-knuckles-chaotix-sega-32x-front-cover.jpg</boxart3>					<boxart4>http://www.mobygames.com/images/covers/l/74447-knuckles-chaotix-sega-32x-front-cover.jpg</boxart4>					<boxart5>http://www.mobygames.com/images/covers/l/15650-knuckles-chaotix-sega-32x-back-cover.jpg</boxart5>					<boxart6>http://www.mobygames.com/images/covers/l/80071-knuckles-chaotix-sega-32x-media.jpg</boxart6>					<boxart7>http://www.mobygames.com/images/covers/l/74460-knuckles-chaotix-sega-32x-back-cover.jpg</boxart7>					<boxart8>http://www.mobygames.com/images/covers/l/117988-knuckles-chaotix-sega-32x-media.jpg</boxart8>					<boxart9>http://www.mobygames.com/images/covers/l/74448-knuckles-chaotix-sega-32x-back-cover.jpg</boxart9>					<boxart10>http://www.mobygames.com/images/covers/l/117989-knuckles-chaotix-sega-32x-media.jpg</boxart10>					<snapshot1>http://thegamesdb.net/banners/screenshots/2290-1.jpg</snapshot1>					<snapshot2>http://www.mobygames.com/images/shots/l/32523-knuckles-chaotix-sega-32x-screenshot-title-screen.jpg</snapshot2>					<snapshot3>http://www.mobygames.com/images/shots/l/32524-knuckles-chaotix-sega-32x-screenshot-vector-and-bomb.jpg</snapshot3>					<snapshot4>http://www.mobygames.com/images/shots/l/32525-knuckles-chaotix-sega-32x-screenshot-mighty-and-knuckles.jpg</snapshot4>					<snapshot5>http://www.mobygames.com/images/shots/l/32526-knuckles-chaotix-sega-32x-screenshot-knuckles-and-charmy.jpg</snapshot5>					<snapshot6>http://www.mobygames.com/images/shots/l/32527-knuckles-chaotix-sega-32x-screenshot-mighty-and-espio.jpg</snapshot6>					<snapshot7>http://www.mobygames.com/images/shots/l/32528-knuckles-chaotix-sega-32x-screenshot-mecha-sonic-makes-an-appearance.jpg</snapshot7>					<snapshot8>http://www.mobygames.com/images/shots/l/32529-knuckles-chaotix-sega-32x-screenshot-some-power-ups-make-you.jpg</snapshot8>					<snapshot9>http://www.mobygames.com/images/shots/l/32530-knuckles-chaotix-sega-32x-screenshot-the-bonus-levels-are-actually.jpg</snapshot9>					<snapshot10>http://www.mobygames.com/images/shots/l/460370-knuckles-chaotix-sega-32x-screenshot-there-is-a-training-mode.jpg</snapshot10>			</game>			<game name="Cyber Brawl ~ Cosmic Carnage (Japan, USA)">					<description>Cyber Brawl ~ Cosmic Carnage (Japan, USA)</description>					<rom crc="7c7be6a2" name="Cyber Brawl ~ Cosmic Carnage (Japan, USA).zip" size="3145728"/>					<plot>Cosmic Carnage is a one-on-one fighting game set in outer space. The story begins as a prison barge is hijacked by it's cargo in an escape attempt. The resulting chaos caused the barge to crash into a military cruiser. The impact caused extensive damage to both ships. There were only 8 survivors, 4 from each ship. What's worse, there's only one escape pod. You control one of the 8 survivors, and have to finish off all the others to escape with your life.</plot>					<genre>Fighting</genre>					<releasedate>03/02/1994</releasedate>					<nplayers>2</nplayers>					<boxart1>http://thegamesdb.net/banners/boxart/original/front/4914-1.jpg</boxart1>					<boxart2>http://www.mobygames.com/images/covers/l/16222-cosmic-carnage-sega-32x-front-cover.jpg</boxart2>					<boxart3>http://www.mobygames.com/images/covers/l/35843-cosmic-carnage-sega-32x-front-cover.jpg</boxart3>					<boxart4>http://thegamesdb.net/banners/boxart/original/back/4914-1.jpg</boxart4>					<boxart5>http://www.mobygames.com/images/covers/l/16223-cosmic-carnage-sega-32x-back-cover.jpg</boxart5>					<boxart6>http://www.mobygames.com/images/covers/l/35844-cosmic-carnage-sega-32x-back-cover.jpg</boxart6>					<snapshot1>http://thegamesdb.net/banners/screenshots/4914-1.jpg</snapshot1>					<snapshot2>http://www.mobygames.com/images/shots/l/33230-cosmic-carnage-sega-32x-screenshot-title-screen.jpg</snapshot2>					<snapshot3>http://www.mobygames.com/images/shots/l/33231-cosmic-carnage-sega-32x-screenshot-the-story.jpg</snapshot3>					<snapshot4>http://www.mobygames.com/images/shots/l/33232-cosmic-carnage-sega-32x-screenshot-player-select.jpg</snapshot4>					<snapshot5>http://www.mobygames.com/images/shots/l/33233-cosmic-carnage-sega-32x-screenshot-cyclic-vs-talmac.jpg</snapshot5>					<snapshot6>http://www.mobygames.com/images/shots/l/33234-cosmic-carnage-sega-32x-screenshot-the-screen-zooms-out-as.jpg</snapshot6>					<snapshot7>http://www.mobygames.com/images/shots/l/33235-cosmic-carnage-sega-32x-screenshot-cyclic-vs-tyr.jpg</snapshot7>					<snapshot8>http://www.mobygames.com/images/shots/l/33236-cosmic-carnage-sega-32x-screenshot-naja-squeezes-her-opponents.jpg</snapshot8>			</game>			<game name="Doom (Japan, USA)">					<description>Doom (Japan, USA)</description>					<rom crc="208332fd" name="Doom (Japan, USA).zip" size="3145728"/>					<plot>All Hell has run amok!  Monstrous demons from another dimension use their gruesome talents to turn your space station into a blood-splattered slaughterhouse.They got black magic.  You got firepower.  Fireballs and lost souls face shotguns, chainsaws, and rocket launchers!Butcher the hordes of Hell.  Or get butchered, if you dont have the skill and pure guts to save your skin!</plot>					<genre>Shooter</genre>					<releasedate>01/01/1994</releasedate>					<nplayers>1-2s</nplayers>					<fanart1>http://thegamesdb.net/banners/fanart/original/4917-1.jpg</fanart1>					<fanart2>http://thegamesdb.net/banners/fanart/original/4917-2.jpg</fanart2>					<fanart3>http://thegamesdb.net/banners/fanart/original/4917-3.jpg</fanart3>					<boxart1>http://thegamesdb.net/banners/boxart/original/front/4917-1.jpg</boxart1>					<boxart2>http://www.mobygames.com/images/covers/l/16222-cosmic-carnage-sega-32x-front-cover.jpg</boxart2>					<boxart3>http://www.mobygames.com/images/covers/l/35843-cosmic-carnage-sega-32x-front-cover.jpg</boxart3>					<boxart4>http://thegamesdb.net/banners/boxart/original/back/4917-1.jpg</boxart4>					<boxart5>http://www.mobygames.com/images/covers/l/16223-cosmic-carnage-sega-32x-back-cover.jpg</boxart5>					<boxart6>http://www.mobygames.com/images/covers/l/35844-cosmic-carnage-sega-32x-back-cover.jpg</boxart6>					<snapshot1>http://thegamesdb.net/banners/screenshots/4917-1.jpg</snapshot1>					<snapshot2>http://www.mobygames.com/images/shots/l/33230-cosmic-carnage-sega-32x-screenshot-title-screen.jpg</snapshot2>					<snapshot3>http://www.mobygames.com/images/shots/l/33231-cosmic-carnage-sega-32x-screenshot-the-story.jpg</snapshot3>					<snapshot4>http://www.mobygames.com/images/shots/l/33232-cosmic-carnage-sega-32x-screenshot-player-select.jpg</snapshot4>					<snapshot5>http://www.mobygames.com/images/shots/l/33233-cosmic-carnage-sega-32x-screenshot-cyclic-vs-talmac.jpg</snapshot5>					<snapshot6>http://www.mobygames.com/images/shots/l/33234-cosmic-carnage-sega-32x-screenshot-the-screen-zooms-out-as.jpg</snapshot6>					<snapshot7>http://www.mobygames.com/images/shots/l/33235-cosmic-carnage-sega-32x-screenshot-cyclic-vs-tyr.jpg</snapshot7>					<snapshot8>http://www.mobygames.com/images/shots/l/33236-cosmic-carnage-sega-32x-screenshot-naja-squeezes-her-opponents.jpg</snapshot8>					<banner1>http://thegamesdb.net/banners/graphical/4917-g.jpg</banner1>					<clearlogo1>http://thegamesdb.net/banners/clearlogo/4917.png</clearlogo1>			</game>			<game name="Golf Magazine 36 Great Holes Starring Fred Couples (Japan, USA)">					<description>Golf Magazine 36 Great Holes Starring Fred Couples (Japan, USA)</description>					<rom crc="d3d0a2fe" name="Golf Magazine 36 Great Holes Starring Fred Couples (Japan, USA).zip" size="3145728"/>					<plot>There are seven different modes (Stroke Play, Tournament, Skins, Shoot-out, Scramble, Practice and Match Play) and three different types of golf club heads including wood, metal and graphite. There is a battery back-up to keep track of 16 different categories of stats and does feature the voice of Fred Couples, even though he is not a playable character.</plot>					<genre>Sports</genre>					<releasedate>01/01/1994</releasedate>					<nplayers>1-8s</nplayers>					<boxart1>http://thegamesdb.net/banners/boxart/original/front/4911-1.jpg</boxart1>					<boxart2>http://www.mobygames.com/images/covers/l/162554-golf-magazine-presents-36-great-holes-starring-fred-couples-sega-32x-front-cover.jpg</boxart2>					<boxart3>http://www.mobygames.com/images/covers/l/164593-golf-magazine-presents-36-great-holes-starring-fred-couples-sega-32x-front-cover.jpg</boxart3>					<boxart4>http://thegamesdb.net/banners/boxart/original/back/4911-1.jpg</boxart4>					<boxart5>http://www.mobygames.com/images/covers/l/162555-golf-magazine-presents-36-great-holes-starring-fred-couples-sega-32x-back-cover.jpg</boxart5>					<boxart6>http://www.mobygames.com/images/covers/l/164594-golf-magazine-presents-36-great-holes-starring-fred-couples-sega-32x-back-cover.jpg</boxart6>					<boxart7>http://www.mobygames.com/images/covers/l/164595-golf-magazine-presents-36-great-holes-starring-fred-couples-sega-32x-media.jpg</boxart7>					<snapshot1>http://www.mobygames.com/images/shots/l/555487-golf-magazine-presents-36-great-holes-starring-fred-couples.jpg</snapshot1>					<snapshot2>http://www.mobygames.com/images/shots/l/463953-golf-magazine-presents-36-great-holes-starring-fred-couples.jpg</snapshot2>					<snapshot3>http://www.mobygames.com/images/shots/l/555488-golf-magazine-presents-36-great-holes-starring-fred-couples.jpg</snapshot3>					<snapshot4>http://www.mobygames.com/images/shots/l/463954-golf-magazine-presents-36-great-holes-starring-fred-couples.jpg</snapshot4>					<snapshot5>http://www.mobygames.com/images/shots/l/463955-golf-magazine-presents-36-great-holes-starring-fred-couples.jpg</snapshot5>					<snapshot6>http://www.mobygames.com/images/shots/l/555491-golf-magazine-presents-36-great-holes-starring-fred-couples.jpg</snapshot6>					<snapshot7>http://www.mobygames.com/images/shots/l/555492-golf-magazine-presents-36-great-holes-starring-fred-couples.jpg</snapshot7>					<snapshot8>http://www.mobygames.com/images/shots/l/555493-golf-magazine-presents-36-great-holes-starring-fred-couples.jpg</snapshot8>					<snapshot9>http://www.mobygames.com/images/shots/l/555494-golf-magazine-presents-36-great-holes-starring-fred-couples.jpg</snapshot9>					<snapshot10>http://www.mobygames.com/images/shots/l/555495-golf-magazine-presents-36-great-holes-starring-fred-couples.jpg</snapshot10>			</game>			<game name="Kolibri (USA, Europe)">					<description>Kolibri (USA, Europe)</description>					<rom crc="20ca53ef" name="Kolibri (USA, Europe).zip" size="3145728"/>					<plot>Kolibri is a hummingbird hero in this unusual side scrolling shooter for the 32X. Deep inside the earth's core, there is a crystal from another world. This crystal is the earth's life force, and essential to it's survival. One day, a dark crystal falls from the sky and damages the earth's crystal. Desperate, the earth's crystal rockets to the surface and empowers Kolibri with the abilities he needs to defeat the dark crystal.</plot>					<genre>Shooter</genre>					<releasedate>01/01/1995</releasedate>					<nplayers>1</nplayers>					<boxart1>http://thegamesdb.net/banners/boxart/original/front/2609-1.jpg</boxart1>					<boxart2>http://www.mobygames.com/images/covers/l/15568-kolibri-sega-32x-front-cover.jpg</boxart2>					<boxart3>http://thegamesdb.net/banners/boxart/original/back/2609-1.jpg</boxart3>					<boxart4>http://www.mobygames.com/images/covers/l/15569-kolibri-sega-32x-back-cover.jpg</boxart4>					<snapshot1>http://thegamesdb.net/banners/screenshots/2609-1.jpg</snapshot1>					<snapshot2>http://thegamesdb.net/banners/screenshots/2609-2.jpg</snapshot2>					<snapshot3>http://www.mobygames.com/images/shots/l/32435-kolibri-sega-32x-screenshot-title-screen.jpg</snapshot3>					<snapshot4>http://www.mobygames.com/images/shots/l/153518-kolibri-sega-32x-screenshot-main-menu.jpg</snapshot4>					<snapshot5>http://www.mobygames.com/images/shots/l/32436-kolibri-sega-32x-screenshot-it-s-kolibri.jpg</snapshot5>					<snapshot6>http://www.mobygames.com/images/shots/l/32437-kolibri-sega-32x-screenshot-kolibri-partakes-in-sweet-nectar.jpg</snapshot6>					<snapshot7>http://www.mobygames.com/images/shots/l/32438-kolibri-sega-32x-screenshot-clear-the-bugs-away-from-the-flowers.jpg</snapshot7>					<snapshot8>http://www.mobygames.com/images/shots/l/32439-kolibri-sega-32x-screenshot-check-out-those-backgrounds.jpg</snapshot8>					<snapshot9>http://www.mobygames.com/images/shots/l/153519-kolibri-sega-32x-screenshot-our-kolibri-is-really-powerful.jpg</snapshot9>					<snapshot10>http://www.mobygames.com/images/shots/l/153520-kolibri-sega-32x-screenshot-defend-these-flowers-against-the.jpg</snapshot10>			</game>			<game name="Metal Head (Japan, USA) (En,Ja)">					<description>Metal Head (Japan, USA) (En,Ja)</description>					<rom crc="ef5553ff" name="Metal Head (Japan, USA) (En,Ja).zip" size="3145728"/>					<plot>Metal Head is a bit of a variation on the usual giant robot combat game. The game's mission areas bear more resemblance to a first-person shooter than a simulation. The graphics are all rendered in texture mapped polygons, which is unusual for a 32X game.</plot>					<genre>Action</genre>					<releasedate>02/24/1995</releasedate>					<nplayers>1</nplayers>					<boxart1>http://thegamesdb.net/banners/boxart/original/front/4918-1.jpg</boxart1>					<boxart2>http://www.mobygames.com/images/covers/l/16366-metal-head-sega-32x-front-cover.jpg</boxart2>					<boxart3>http://thegamesdb.net/banners/boxart/original/back/4918-1.jpg</boxart3>					<boxart4>http://www.mobygames.com/images/covers/l/16367-metal-head-sega-32x-back-cover.jpg</boxart4>					<boxart5>http://www.mobygames.com/images/covers/l/99143-metal-head-sega-32x-media.jpg</boxart5>					<snapshot1>http://www.mobygames.com/images/shots/l/33315-metal-head-sega-32x-screenshot-title-screen.jpg</snapshot1>					<snapshot2>http://www.mobygames.com/images/shots/l/33316-metal-head-sega-32x-screenshot-your-head.jpg</snapshot2>					<snapshot3>http://www.mobygames.com/images/shots/l/33317-metal-head-sega-32x-screenshot-introduction-the-game-features.jpg</snapshot3>					<snapshot4>http://www.mobygames.com/images/shots/l/33318-metal-head-sega-32x-screenshot-this-guy-gives-you-mission-briefings.jpg</snapshot4>					<snapshot5>http://www.mobygames.com/images/shots/l/33319-metal-head-sega-32x-screenshot-targeting-an-enemy-bot.jpg</snapshot5>					<snapshot6>http://www.mobygames.com/images/shots/l/33320-metal-head-sega-32x-screenshot-target-destroyed.jpg</snapshot6>					<snapshot7>http://www.mobygames.com/images/shots/l/33321-metal-head-sega-32x-screenshot-external-camera.jpg</snapshot7>					<snapshot8>http://www.mobygames.com/images/shots/l/33322-metal-head-sega-32x-screenshot-between-missions-you-can-select.jpg</snapshot8>					<snapshot9>http://www.mobygames.com/images/shots/l/33323-metal-head-sega-32x-screenshot-ain-t-that-sweet.jpg</snapshot9>					<snapshot10>http://www.mobygames.com/images/shots/l/33324-metal-head-sega-32x-screenshot-this-helicoptor-blows-up-a-door.jpg</snapshot10>			</game>			<game name="Mortal Kombat II (Japan, USA)">					<description>Mortal Kombat II (Japan, USA)</description>					<rom crc="773c0a85" name="Mortal Kombat II (Japan, USA).zip" size="4194304"/>					<plot>Following his failure to defeat Liu Kang in the first Mortal Kombat game, the evil sorcerer Shang Tsung begs his master, Shao Kahn, to spare his life. He tells Shao Kahn that the invitation for Mortal Kombat cannot be turned down, and if they hold it in Outworld, the Earthrealm warriors must attend. Kahn agrees to this plan, and even restores Tsung's youth. He then extends the invitation to Raiden, who gathers his warriors and takes them into Outworld. The new tournament is much more dangerous, as Shao Kahn has the home field advantage, and an Outworld victory will allow him to subdue Earthrealm.</plot>					<genre>Fighting</genre>					<releasedate>12/04/1994</releasedate>					<nplayers>1-2s</nplayers>					<fanart1>http://thegamesdb.net/banners/fanart/original/4919-1.jpg</fanart1>					<fanart2>http://thegamesdb.net/banners/fanart/original/4919-2.jpg</fanart2>					<boxart1>http://thegamesdb.net/banners/boxart/original/front/4919-1.jpg</boxart1>					<boxart2>http://www.mobygames.com/images/covers/l/15077-mortal-kombat-ii-sega-32x-front-cover.jpg</boxart2>					<boxart3>http://www.mobygames.com/images/covers/l/85510-mortal-kombat-ii-sega-32x-front-cover.jpg</boxart3>					<boxart4>http://thegamesdb.net/banners/boxart/original/back/4919-1.jpg</boxart4>					<boxart5>http://www.mobygames.com/images/covers/l/15078-mortal-kombat-ii-sega-32x-back-cover.jpg</boxart5>					<boxart6>http://www.mobygames.com/images/covers/l/99144-mortal-kombat-ii-sega-32x-media.jpg</boxart6>					<boxart7>http://www.mobygames.com/images/covers/l/85511-mortal-kombat-ii-sega-32x-back-cover.jpg</boxart7>					<boxart8>http://www.mobygames.com/images/covers/l/85512-mortal-kombat-ii-sega-32x-media.jpg</boxart8>					<snapshot1>http://www.mobygames.com/images/shots/l/31872-mortal-kombat-ii-sega-32x-screenshot-introduction.jpg</snapshot1>					<snapshot2>http://www.mobygames.com/images/shots/l/31873-mortal-kombat-ii-sega-32x-screenshot-title-screen.jpg</snapshot2>					<snapshot3>http://www.mobygames.com/images/shots/l/31874-mortal-kombat-ii-sega-32x-screenshot-reptile-s-bio.jpg</snapshot3>					<snapshot4>http://www.mobygames.com/images/shots/l/31875-mortal-kombat-ii-sega-32x-screenshot-rayden-trips-reptile.jpg</snapshot4>					<snapshot5>http://www.mobygames.com/images/shots/l/31876-mortal-kombat-ii-sega-32x-screenshot-scorpion-vs-scorpion.jpg</snapshot5>					<snapshot6>http://www.mobygames.com/images/shots/l/31877-mortal-kombat-ii-sega-32x-screenshot-jax-vs-cage.jpg</snapshot6>					<snapshot7>http://www.mobygames.com/images/shots/l/31878-mortal-kombat-ii-sega-32x-screenshot-kung-lao-throws-reptile.jpg</snapshot7>					<snapshot8>http://www.mobygames.com/images/shots/l/31879-mortal-kombat-ii-sega-32x-screenshot-character-selection.jpg</snapshot8>					<snapshot9>http://www.mobygames.com/images/shots/l/31880-mortal-kombat-ii-sega-32x-screenshot-fatality.jpg</snapshot9>					<snapshot10>http://www.mobygames.com/images/shots/l/31881-mortal-kombat-ii-sega-32x-screenshot-jade-is-a-hidden-character.jpg</snapshot10>					<banner1>http://thegamesdb.net/banners/graphical/4919-g.jpg</banner1>					<clearlogo1>http://thegamesdb.net/banners/clearlogo/4919.png</clearlogo1>			</game>			<game name="Motocross Championship (USA)">					<description>Motocross Championship (USA)</description>					<rom crc="a21c5761" name="Motocross Championship (USA).zip" size="2097152"/>					<plot>Motocross Championship is the only dirtbike racing game for the 32X. The action takes place from a behind-the-bike perspective, and makes use of the 32X's hardware bitmap scaling to present a 3D graphical effect.</plot>					<genre>Racing</genre>					<releasedate>01/01/1994</releasedate>					<nplayers>2</nplayers>					<boxart1>http://thegamesdb.net/banners/boxart/original/front/9076-1.jpg</boxart1>					<boxart2>http://www.mobygames.com/images/covers/l/16087-motocross-championship-sega-32x-front-cover.jpg</boxart2>					<boxart3>http://www.mobygames.com/images/covers/l/164596-motocross-championship-sega-32x-front-cover.jpg</boxart3>					<boxart4>http://thegamesdb.net/banners/boxart/original/back/9076-1.jpg</boxart4>					<boxart5>http://www.mobygames.com/images/covers/l/16088-motocross-championship-sega-32x-back-cover.jpg</boxart5>					<boxart6>http://www.mobygames.com/images/covers/l/164597-motocross-championship-sega-32x-back-cover.jpg</boxart6>					<boxart7>http://www.mobygames.com/images/covers/l/164598-motocross-championship-sega-32x-media.jpg</boxart7>					<snapshot1>http://www.mobygames.com/images/shots/l/33052-motocross-championship-sega-32x-screenshot-title-screen.jpg</snapshot1>					<snapshot2>http://www.mobygames.com/images/shots/l/33053-motocross-championship-sega-32x-screenshot-at-the-starting.jpg</snapshot2>					<snapshot3>http://www.mobygames.com/images/shots/l/33054-motocross-championship-sega-32x-screenshot-tight-turn.jpg</snapshot3>					<snapshot4>http://www.mobygames.com/images/shots/l/33055-motocross-championship-sega-32x-screenshot-eww-mud.jpg</snapshot4>					<snapshot5>http://www.mobygames.com/images/shots/l/33056-motocross-championship-sega-32x-screenshot-races-get-fairly.jpg</snapshot5>					<snapshot6>http://www.mobygames.com/images/shots/l/33057-motocross-championship-sega-32x-screenshot-punch-other-riders.jpg</snapshot6>					<snapshot7>http://www.mobygames.com/images/shots/l/33058-motocross-championship-sega-32x-screenshot-two-playah-mode.jpg</snapshot7>			</game>			<game name="NBA Jam - Tournament Edition (World)">					<description>NBA Jam - Tournament Edition (World)</description>					<rom crc="6b7994aa" name="NBA Jam - Tournament Edition (World).zip" size="4194304"/>					<plot>Up to four human players can take part, each always controlling a single player for their team, and AI for missing players. This allows for four players to face each other in teams of two, or for two players to team up against a third player with a CPU team-mate.The Tournament Edition ups each team's roster to three players, and allows for substitutions between quarters. Shoving players now results in injuries, which lower a player's stats; encouraging you to sub them out and let them recover. Aside from the usual secret characters and cheat modes, the T.E. also includes four new additions you can individually enable from the special options menu.</plot>					<genre>Sports</genre>					<releasedate>05/01/1995</releasedate>					<nplayers>4+</nplayers>					<fanart1>http://thegamesdb.net/banners/fanart/original/9077-1.jpg</fanart1>					<boxart1>http://thegamesdb.net/banners/boxart/original/front/9077-1.jpg</boxart1>					<boxart2>http://www.mobygames.com/images/covers/l/196934-nba-jam-tournament-edition-sega-32x-front-cover.jpg</boxart2>					<boxart3>http://thegamesdb.net/banners/boxart/original/back/9077-1.jpg</boxart3>					<boxart4>http://www.mobygames.com/images/covers/l/196935-nba-jam-tournament-edition-sega-32x-back-cover.jpg</boxart4>					<boxart5>http://www.mobygames.com/images/covers/l/196936-nba-jam-tournament-edition-sega-32x-media.jpg</boxart5>					<snapshot1>http://www.mobygames.com/images/shots/l/555517-nba-jam-tournament-edition-sega-32x-screenshot-akklaim-iguana.jpg</snapshot1>					<snapshot2>http://www.mobygames.com/images/shots/l/474030-nba-jam-tournament-edition-sega-32x-screenshot-title-screen.jpg</snapshot2>					<snapshot3>http://www.mobygames.com/images/shots/l/474031-nba-jam-tournament-edition-sega-32x-screenshot-main-menu.jpg</snapshot3>					<snapshot4>http://www.mobygames.com/images/shots/l/474032-nba-jam-tournament-edition-sega-32x-screenshot-selecting-a.jpg</snapshot4>					<snapshot5>http://www.mobygames.com/images/shots/l/474033-nba-jam-tournament-edition-sega-32x-screenshot-vs-screen.jpg</snapshot5>					<snapshot6>http://www.mobygames.com/images/shots/l/474034-nba-jam-tournament-edition-sega-32x-screenshot-the-ball-was.jpg</snapshot6>					<snapshot7>http://www.mobygames.com/images/shots/l/474035-nba-jam-tournament-edition-sega-32x-screenshot-the-opposing.jpg</snapshot7>					<snapshot8>http://www.mobygames.com/images/shots/l/474036-nba-jam-tournament-edition-sega-32x-screenshot-in-practice.jpg</snapshot8>					<snapshot9>http://www.mobygames.com/images/shots/l/474037-nba-jam-tournament-edition-sega-32x-screenshot-slam-dunk.jpg</snapshot9>					<snapshot10>http://www.mobygames.com/images/shots/l/555518-nba-jam-tournament-edition-sega-32x-screenshot-options.jpg</snapshot10>					<clearlogo1>http://thegamesdb.net/banners/clearlogo/9077.png</clearlogo1>			</game>			<game name="NFL Quarterback Club (World)">					<description>NFL Quarterback Club (World)</description>					<rom crc="0bc7018d" name="NFL Quarterback Club (World).zip" size="3145728"/>					<plot>NFL Quarterback Club, called NFL Quarterback Club '95 in Japan, is an American football game released for the Sega Mega Drive, Sega 32X and Sega Game Gear. It was the first in the NFL Quarterback Club series and was followed by NFL Quarterback Club 96.</plot>					<genre>Sports</genre>					<releasedate>01/01/1995</releasedate>					<nplayers>4+</nplayers>					<boxart1>http://thegamesdb.net/banners/boxart/original/front/14262-1.jpg</boxart1>					<boxart2>http://www.mobygames.com/images/covers/l/208542-nfl-quarterback-club-sega-32x-front-cover.jpg</boxart2>					<boxart3>http://thegamesdb.net/banners/boxart/original/back/14262-1.jpg</boxart3>					<boxart4>http://www.mobygames.com/images/covers/l/208543-nfl-quarterback-club-sega-32x-back-cover.jpg</boxart4>					<boxart5>http://www.mobygames.com/images/covers/l/208544-nfl-quarterback-club-sega-32x-media.jpg</boxart5>					<snapshot1>http://www.mobygames.com/images/shots/l/555527-nfl-quarterback-club-sega-32x-screenshot-copyright-screen.jpg</snapshot1>					<snapshot2>http://www.mobygames.com/images/shots/l/555528-nfl-quarterback-club-sega-32x-screenshot-qb-intro.jpg</snapshot2>					<snapshot3>http://www.mobygames.com/images/shots/l/495623-nfl-quarterback-club-sega-32x-screenshot-title-screen.jpg</snapshot3>					<snapshot4>http://www.mobygames.com/images/shots/l/495624-nfl-quarterback-club-sega-32x-screenshot-pick-between-play.jpg</snapshot4>					<snapshot5>http://www.mobygames.com/images/shots/l/495625-nfl-quarterback-club-sega-32x-screenshot-play-main-menu.jpg</snapshot5>					<snapshot6>http://www.mobygames.com/images/shots/l/495626-nfl-quarterback-club-sega-32x-screenshot-simulation-brief.jpg</snapshot6>					<snapshot7>http://www.mobygames.com/images/shots/l/495627-nfl-quarterback-club-sega-32x-screenshot-player-select-screen.jpg</snapshot7>					<snapshot8>http://www.mobygames.com/images/shots/l/555529-nfl-quarterback-club-sega-32x-screenshot-play-screen.jpg</snapshot8>					<snapshot9>http://www.mobygames.com/images/shots/l/555530-nfl-quarterback-club-sega-32x-screenshot-pause-options.jpg</snapshot9>					<snapshot10>http://www.mobygames.com/images/shots/l/555531-nfl-quarterback-club-sega-32x-screenshot-pause-options.jpg</snapshot10>			</game>			<game name="Parasquad ~ Zaxxon's Motherbase 2000 (Japan, USA)">					<description>Parasquad ~ Zaxxon's Motherbase 2000 (Japan, USA)</description>					<rom crc="447d44be" name="Parasquad ~ Zaxxon's Motherbase 2000 (Japan, USA).zip" size="2097152"/>					<plot>This 32X-exclusive sci-fi shooter is similar gameplay-wise to Sega's arcade game Zaxxon. The graphics consist of a diagonally scrolling playfield which creates a pseudo 3D environment. The backgrounds are drawn using 2D scrolling planes, but the enemy and ship objects are drawn using 3D flat-shaded polygons.Although the basic goal of each of the 9 levels is to shoot everything without getting shot, the game has a strategic element. Your basic spacecraft has very little firepower, and can only sustain one hit. To make matters worse, there are very few power-ups. In order to survive, you have to jump on top of enemies and take control of their weapons systems. This system allows for a large variety of player-controllable ships.</plot>					<genre>Shooter</genre>					<releasedate>01/01/1995</releasedate>					<nplayers>2</nplayers>					<boxart1>http://thegamesdb.net/banners/boxart/original/front/9083-1.jpg</boxart1>					<boxart2>http://www.mobygames.com/images/covers/l/16594-zaxxon-s-motherbase-2000-sega-32x-front-cover.jpg</boxart2>					<boxart3>http://www.mobygames.com/images/covers/l/145048-zaxxon-s-motherbase-2000-sega-32x-front-cover.jpg</boxart3>					<boxart4>http://thegamesdb.net/banners/boxart/original/back/9083-1.jpg</boxart4>					<boxart5>http://www.mobygames.com/images/covers/l/16595-zaxxon-s-motherbase-2000-sega-32x-back-cover.jpg</boxart5>					<boxart6>http://www.mobygames.com/images/covers/l/82784-zaxxon-s-motherbase-2000-sega-32x-media.jpg</boxart6>					<boxart7>http://www.mobygames.com/images/covers/l/145049-zaxxon-s-motherbase-2000-sega-32x-back-cover.jpg</boxart7>					<boxart8>http://www.mobygames.com/images/covers/l/164629-zaxxon-s-motherbase-2000-sega-32x-media.jpg</boxart8>					<snapshot1>http://www.mobygames.com/images/shots/l/33860-zaxxon-s-motherbase-2000-sega-32x-screenshot-title-screen.jpg</snapshot1>					<snapshot2>http://www.mobygames.com/images/shots/l/33861-zaxxon-s-motherbase-2000-sega-32x-screenshot-stage-1.jpg</snapshot2>					<snapshot3>http://www.mobygames.com/images/shots/l/33862-zaxxon-s-motherbase-2000-sega-32x-screenshot-first-boss.jpg</snapshot3>					<snapshot4>http://www.mobygames.com/images/shots/l/33863-zaxxon-s-motherbase-2000-sega-32x-screenshot-stage-2-with-falling.jpg</snapshot4>					<snapshot5>http://www.mobygames.com/images/shots/l/33864-zaxxon-s-motherbase-2000-sega-32x-screenshot-stage-3-i-ve-hijacked.jpg</snapshot5>					<snapshot6>http://www.mobygames.com/images/shots/l/33865-zaxxon-s-motherbase-2000-sega-32x-screenshot-aquatic-stage.jpg</snapshot6>					<snapshot7>http://www.mobygames.com/images/shots/l/33866-zaxxon-s-motherbase-2000-sega-32x-screenshot-i-hate-spiders.jpg</snapshot7>			</game>			<game name="Pitfall - The Mayan Adventure (USA)">					<description>Pitfall - The Mayan Adventure (USA)</description>					<rom crc="f9126f15" name="Pitfall - The Mayan Adventure (USA).zip" size="3145728"/>					<plot>Pitfall: The Mayan Adventure is a side-scrolling action game in which you play adventurer Pitfall Harry Jr in search of his father Pitfall Harry. You battle your way through the Mayan jungles, waterfalls, deserted mines and can bungee jump and boomerang your way to safety. There are 13 levels and the action is fast and gripping. You will need to be attentiveand quick. Or prepare to die.</plot>					<genre>Action</genre>					<releasedate>10/01/1995</releasedate>					<nplayers>1</nplayers>					<boxart1>http://thegamesdb.net/banners/boxart/original/front/9079-1.jpg</boxart1>					<snapshot1>http://thegamesdb.net/banners/screenshots/9079-1.jpg</snapshot1>					<snapshot2>http://www.mobygames.com/images/shots/l/154786-pitfall-the-mayan-adventure-sega-32x-screenshot-title-screen.jpg</snapshot2>					<snapshot3>http://www.mobygames.com/images/shots/l/472891-pitfall-the-mayan-adventure-sega-32x-screenshot-intro-harry.jpg</snapshot3>					<snapshot4>http://www.mobygames.com/images/shots/l/472892-pitfall-the-mayan-adventure-sega-32x-screenshot-some-instructions.jpg</snapshot4>					<snapshot5>http://www.mobygames.com/images/shots/l/472893-pitfall-the-mayan-adventure-sega-32x-screenshot-sand-pits.jpg</snapshot5>					<snapshot6>http://www.mobygames.com/images/shots/l/472894-pitfall-the-mayan-adventure-sega-32x-screenshot-vine-swinging.jpg</snapshot6>					<snapshot7>http://www.mobygames.com/images/shots/l/472895-pitfall-the-mayan-adventure-sega-32x-screenshot-these-plants.jpg</snapshot7>					<snapshot8>http://www.mobygames.com/images/shots/l/472896-pitfall-the-mayan-adventure-sega-32x-screenshot-the-first.jpg</snapshot8>					<snapshot9>http://www.mobygames.com/images/shots/l/472897-pitfall-the-mayan-adventure-sega-32x-screenshot-the-path-between.jpg</snapshot9>					<snapshot10>http://www.mobygames.com/images/shots/l/472898-pitfall-the-mayan-adventure-sega-32x-screenshot-at-the-waterfall.jpg</snapshot10>			</game>			<game name="Primal Rage (USA, Europe)">					<description>Primal Rage (USA, Europe)</description>					<rom crc="e78a4d28" name="Primal Rage (USA, Europe).zip" size="4194304"/>					<plot>Primal Rage is a one-on-one fighting game featuring dinosaurs and giant apes as the fighters. The graphics are done with digitized stop-motion animation. Gameplay is similar to Mortal Kombat in that it is viewed from a side perspective, and features deadly finishing moves at the end of the match.</plot>					<genre>Fighting</genre>					<releasedate>01/01/1995</releasedate>					<nplayers>2</nplayers>					<boxart1>http://thegamesdb.net/banners/boxart/original/front/4922-1.jpg</boxart1>					<boxart2>http://www.mobygames.com/images/covers/l/98390-primal-rage-sega-32x-front-cover.jpg</boxart2>					<boxart3>http://thegamesdb.net/banners/boxart/original/back/4922-1.jpg</boxart3>					<boxart4>http://www.mobygames.com/images/covers/l/98388-primal-rage-sega-32x-back-cover.jpg</boxart4>					<boxart5>http://www.mobygames.com/images/covers/l/98389-primal-rage-sega-32x-media.jpg</boxart5>					<snapshot1>http://www.mobygames.com/images/shots/l/119524-primal-rage-sega-32x-screenshot-title-screen.jpg</snapshot1>					<snapshot2>http://www.mobygames.com/images/shots/l/119522-primal-rage-sega-32x-screenshot-options-menu.jpg</snapshot2>					<snapshot3>http://www.mobygames.com/images/shots/l/119523-primal-rage-sega-32x-screenshot-select-your-dino-fighter.jpg</snapshot3>					<banner1>http://thegamesdb.net/banners/graphical/4922-g.jpg</banner1>					<clearlogo1>http://thegamesdb.net/banners/clearlogo/4922.png</clearlogo1>			</game>			<game name="RBI Baseball '95 (USA)">					<description>RBI Baseball '95 (USA)</description>					<rom crc="ff795fdc" name="RBI Baseball '95 (USA).zip" size="2097152"/>					<plot>This version is an updated follow-up to the R.B.I. series. Many of the same features from other baseball games are present and has three different game modes to choose from: exhibition, playoff, and home run derby, but what makes this version different from the others is a lack of MLB license, though it does feature a MLBPA license with top players of the time such as Roger Clemens, Otis Nixon, Bobby Larkin among many others.</plot>					<genre>Sports</genre>					<releasedate>01/01/1995</releasedate>					<nplayers>1-2s</nplayers>					<boxart1>http://thegamesdb.net/banners/boxart/original/front/9080-1.jpg</boxart1>					<boxart2>http://thegamesdb.net/banners/boxart/original/back/9080-1.jpg</boxart2>					<snapshot1>http://www.mobygames.com/images/shots/l/495520-rbi-baseball-95-sega-32x-screenshot-title-screen.jpg</snapshot1>					<snapshot2>http://www.mobygames.com/images/shots/l/495521-rbi-baseball-95-sega-32x-screenshot-main-menu.jpg</snapshot2>					<snapshot3>http://www.mobygames.com/images/shots/l/555537-rbi-baseball-95-sega-32x-screenshot-team-selection.jpg</snapshot3>					<snapshot4>http://www.mobygames.com/images/shots/l/555538-rbi-baseball-95-sega-32x-screenshot-vs-screen.jpg</snapshot4>					<snapshot5>http://www.mobygames.com/images/shots/l/555539-rbi-baseball-95-sega-32x-screenshot-pitch.jpg</snapshot5>					<snapshot6>http://www.mobygames.com/images/shots/l/555540-rbi-baseball-95-sega-32x-screenshot-strike.jpg</snapshot6>					<snapshot7>http://www.mobygames.com/images/shots/l/555541-rbi-baseball-95-sega-32x-screenshot-right-field.jpg</snapshot7>					<snapshot8>http://www.mobygames.com/images/shots/l/555542-rbi-baseball-95-sega-32x-screenshot-watching-for-the-ball.jpg</snapshot8>					<snapshot9>http://www.mobygames.com/images/shots/l/555543-rbi-baseball-95-sega-32x-screenshot-throwing-to-2nd-base.jpg</snapshot9>					<snapshot10>http://www.mobygames.com/images/shots/l/555544-rbi-baseball-95-sega-32x-screenshot-running-after-the-ball.jpg</snapshot10>			</game>			<game name="Shadow Squadron ~ Stellar Assault (USA, Europe)">					<description>Shadow Squadron ~ Stellar Assault (USA, Europe)</description>					<rom crc="60c49e4d" name="Shadow Squadron ~ Stellar Assault (USA, Europe).zip" size="2097152"/>					<plot>Shadow Squadron is a 3D space combat shooter. The player controls a space fighter in a series of battles against huge enemy ships.  There are 2 different types of ships to fly, and 6 different missions.  In most missions, the player has to destroy several locations on a large ship in order to blow up the whole thing. There are two ways to play the game.  First, one can directly control the ship and maneuver it around the 3D polygon environments.  Second, the player can let the 32X do the flying, and simply control a gun turret.</plot>					<genre>Action</genre>					<releasedate>01/01/1995</releasedate>					<nplayers>1-2s</nplayers>					<boxart1>http://www.mobygames.com/images/covers/l/15383-shadow-squadron-sega-32x-front-cover.jpg</boxart1>					<boxart2>http://www.mobygames.com/images/covers/l/85850-shadow-squadron-sega-32x-front-cover.jpg</boxart2>					<boxart3>http://www.mobygames.com/images/covers/l/15384-shadow-squadron-sega-32x-back-cover.jpg</boxart3>					<boxart4>http://www.mobygames.com/images/covers/l/123705-shadow-squadron-sega-32x-media.jpg</boxart4>					<boxart5>http://www.mobygames.com/images/covers/l/85851-shadow-squadron-sega-32x-back-cover.jpg</boxart5>					<boxart6>http://www.mobygames.com/images/covers/l/85852-shadow-squadron-sega-32x-media.jpg</boxart6>					<snapshot1>http://www.mobygames.com/images/shots/l/32180-shadow-squadron-sega-32x-screenshot-title-screen.jpg</snapshot1>					<snapshot2>http://www.mobygames.com/images/shots/l/32181-shadow-squadron-sega-32x-screenshot-demo-mode.jpg</snapshot2>					<snapshot3>http://www.mobygames.com/images/shots/l/32182-shadow-squadron-sega-32x-screenshot-fighter-selection.jpg</snapshot3>					<snapshot4>http://www.mobygames.com/images/shots/l/32183-shadow-squadron-sega-32x-screenshot-asteroids.jpg</snapshot4>					<snapshot5>http://www.mobygames.com/images/shots/l/32184-shadow-squadron-sega-32x-screenshot-decent-explosions.jpg</snapshot5>					<snapshot6>http://www.mobygames.com/images/shots/l/32185-shadow-squadron-sega-32x-screenshot-a-big-ship-to-take-on.jpg</snapshot6>					<snapshot7>http://www.mobygames.com/images/shots/l/32186-shadow-squadron-sega-32x-screenshot-launching.jpg</snapshot7>					<snapshot8>http://www.mobygames.com/images/shots/l/32187-shadow-squadron-sega-32x-screenshot-heavy-incoming-fire.jpg</snapshot8>			</game>			<game name="Soulstar X (USA) (Proto)">					<description>Soulstar X (USA) (Proto)</description>					<rom crc="6472bae4" name="Soulstar X (USA) (Proto).zip" size="5242880"/>					<plot>Shadow Squadron is a 3D space combat shooter. The player controls a space fighter in a series of battles against huge enemy ships.  There are 2 different types of ships to fly, and 6 different missions.  In most missions, the player has to destroy several locations on a large ship in order to blow up the whole thing. There are two ways to play the game.  First, one can directly control the ship and maneuver it around the 3D polygon environments.  Second, the player can let the 32X do the flying, and simply control a gun turret.</plot>					<genre>Action</genre>					<releasedate>01/01/1995</releasedate>					<nplayers>1-2s</nplayers>					<boxart1>http://www.mobygames.com/images/covers/l/15383-shadow-squadron-sega-32x-front-cover.jpg</boxart1>					<boxart2>http://www.mobygames.com/images/covers/l/85850-shadow-squadron-sega-32x-front-cover.jpg</boxart2>					<boxart3>http://www.mobygames.com/images/covers/l/15384-shadow-squadron-sega-32x-back-cover.jpg</boxart3>					<boxart4>http://www.mobygames.com/images/covers/l/123705-shadow-squadron-sega-32x-media.jpg</boxart4>					<boxart5>http://www.mobygames.com/images/covers/l/85851-shadow-squadron-sega-32x-back-cover.jpg</boxart5>					<boxart6>http://www.mobygames.com/images/covers/l/85852-shadow-squadron-sega-32x-media.jpg</boxart6>					<snapshot1>http://www.mobygames.com/images/shots/l/32180-shadow-squadron-sega-32x-screenshot-title-screen.jpg</snapshot1>					<snapshot2>http://www.mobygames.com/images/shots/l/32181-shadow-squadron-sega-32x-screenshot-demo-mode.jpg</snapshot2>					<snapshot3>http://www.mobygames.com/images/shots/l/32182-shadow-squadron-sega-32x-screenshot-fighter-selection.jpg</snapshot3>					<snapshot4>http://www.mobygames.com/images/shots/l/32183-shadow-squadron-sega-32x-screenshot-asteroids.jpg</snapshot4>					<snapshot5>http://www.mobygames.com/images/shots/l/32184-shadow-squadron-sega-32x-screenshot-decent-explosions.jpg</snapshot5>					<snapshot6>http://www.mobygames.com/images/shots/l/32185-shadow-squadron-sega-32x-screenshot-a-big-ship-to-take-on.jpg</snapshot6>					<snapshot7>http://www.mobygames.com/images/shots/l/32186-shadow-squadron-sega-32x-screenshot-launching.jpg</snapshot7>					<snapshot8>http://www.mobygames.com/images/shots/l/32187-shadow-squadron-sega-32x-screenshot-heavy-incoming-fire.jpg</snapshot8>			</game>			<game name="Space Harrier (Japan, USA)">					<description>Space Harrier (Japan, USA)</description>					<rom crc="86e7f989" name="Space Harrier (Japan, USA).zip" size="2097152"/>					<plot>Space Harrier is set in the &quot;Fantasy Zone&quot;, a surreal world composed of bright colors and a checkerboard-styled ground. The enemies are also unique, featuring prehistoric animals, Chinese dragons, and alien pods. The player is forced along the levels, running or flying around enemy fire, while shooting back with fireballs via the character's under-arm cannon (which doubles as a rocket-esque device allowing the character to fly).</plot>					<genre>Shooter</genre>					<releasedate>12/03/1994</releasedate>					<nplayers>1</nplayers>					<fanart1>http://thegamesdb.net/banners/fanart/original/117-1.jpg</fanart1>					<boxart1>http://thegamesdb.net/banners/boxart/original/front/117-1.jpg</boxart1>					<boxart2>http://www.mobygames.com/images/covers/l/14467-space-harrier-sega-32x-front-cover.jpg</boxart2>					<boxart3>http://www.mobygames.com/images/covers/l/35822-space-harrier-sega-32x-front-cover.jpg</boxart3>					<boxart4>http://thegamesdb.net/banners/boxart/original/back/117-1.jpg</boxart4>					<boxart5>http://www.mobygames.com/images/covers/l/14468-space-harrier-sega-32x-back-cover.jpg</boxart5>					<boxart6>http://www.mobygames.com/images/covers/l/35823-space-harrier-sega-32x-back-cover.jpg</boxart6>					<boxart7>http://www.mobygames.com/images/covers/l/164630-space-harrier-sega-32x-media.jpg</boxart7>					<snapshot1>http://thegamesdb.net/banners/screenshots/117-1.jpg</snapshot1>					<snapshot2>http://www.mobygames.com/images/shots/l/33586-space-harrier-sega-32x-screenshot-title-screen.jpg</snapshot2>					<snapshot3>http://www.mobygames.com/images/shots/l/33587-space-harrier-sega-32x-screenshot-stage-1-moot.jpg</snapshot3>					<snapshot4>http://www.mobygames.com/images/shots/l/33588-space-harrier-sega-32x-screenshot-first-level-boss.jpg</snapshot4>					<snapshot5>http://www.mobygames.com/images/shots/l/33589-space-harrier-sega-32x-screenshot-enemy-harriers.jpg</snapshot5>					<snapshot6>http://www.mobygames.com/images/shots/l/33590-space-harrier-sega-32x-screenshot-watch-out-for-that-tree.jpg</snapshot6>					<snapshot7>http://www.mobygames.com/images/shots/l/33591-space-harrier-sega-32x-screenshot-stage-2-with-scary-stone.jpg</snapshot7>					<snapshot8>http://www.mobygames.com/images/shots/l/33592-space-harrier-sega-32x-screenshot-things-just-get-wierder-and.jpg</snapshot8>					<snapshot9>http://www.mobygames.com/images/shots/l/33593-space-harrier-sega-32x-screenshot-some-levels-have-both-a-cieling.jpg</snapshot9>					<snapshot10>http://www.mobygames.com/images/shots/l/33594-space-harrier-sega-32x-screenshot-bonus-level.jpg</snapshot10>					<clearlogo1>http://thegamesdb.net/banners/clearlogo/117.png</clearlogo1>			</game>			<game name="Star Trek Starfleet Academy - Starship Bridge Simulator (USA)">					<description>Star Trek Starfleet Academy - Starship Bridge Simulator (USA)</description>					<rom crc="dd9708b9" name="Star Trek Starfleet Academy - Starship Bridge Simulator (USA).zip" size="2097152"/>					<plot>The game is viewed from the bridge of your vessel (there are 5 different ones in total), with polygons used to display the action. Information on the world situation at the time of the game is supplied within the game. There are quick missions bringing scenes from Star Trek movies to life.</plot>					<genre>Flight SimulatorStrategy</genre>					<releasedate>01/01/1995</releasedate>					<nplayers>2</nplayers>					<fanart1>http://thegamesdb.net/banners/fanart/original/5970-1.jpg</fanart1>					<boxart1>http://thegamesdb.net/banners/boxart/original/front/5970-1.jpg</boxart1>					<boxart2>http://www.mobygames.com/images/covers/l/69205-star-trek-starfleet-academy-starship-bridge-simulator-sega-32x-front-cover.jpg</boxart2>					<boxart3>http://thegamesdb.net/banners/boxart/original/back/5970-1.jpg</boxart3>					<boxart4>http://www.mobygames.com/images/covers/l/69206-star-trek-starfleet-academy-starship-bridge-simulator-sega-32x-back-cover.jpg</boxart4>					<snapshot1>http://www.mobygames.com/images/shots/l/184622-star-trek-starfleet-academy-starship-bridge-simulator-sega.jpg</snapshot1>					<snapshot2>http://www.mobygames.com/images/shots/l/184623-star-trek-starfleet-academy-starship-bridge-simulator-sega.jpg</snapshot2>					<snapshot3>http://www.mobygames.com/images/shots/l/184624-star-trek-starfleet-academy-starship-bridge-simulator-sega.jpg</snapshot3>					<snapshot4>http://www.mobygames.com/images/shots/l/184625-star-trek-starfleet-academy-starship-bridge-simulator-sega.jpg</snapshot4>					<snapshot5>http://www.mobygames.com/images/shots/l/184626-star-trek-starfleet-academy-starship-bridge-simulator-sega.jpg</snapshot5>					<snapshot6>http://www.mobygames.com/images/shots/l/184627-star-trek-starfleet-academy-starship-bridge-simulator-sega.jpg</snapshot6>					<snapshot7>http://www.mobygames.com/images/shots/l/184628-star-trek-starfleet-academy-starship-bridge-simulator-sega.jpg</snapshot7>					<snapshot8>http://www.mobygames.com/images/shots/l/184629-star-trek-starfleet-academy-starship-bridge-simulator-sega.jpg</snapshot8>					<snapshot9>http://www.mobygames.com/images/shots/l/184630-star-trek-starfleet-academy-starship-bridge-simulator-sega.jpg</snapshot9>			</game>			<game name="Star Wars Arcade (USA)">					<description>Star Wars Arcade (USA)</description>					<rom crc="2f16b44a" name="Star Wars Arcade (USA).zip" size="2621440"/>					<plot>Star Wars Arcade is a 3D shoot 'em-up set in Episodes 4, 5, and 6 of the Star Wars saga. You take control of either an X-Wing or Y-Wing, and are put right in the middle of the space combat. In some levels, you have to shoot down a specific number of TIE fighters before time runs out. In other levels, your goal is to simply to make it to the end without getting blasted out of the sky.</plot>					<genre>Action</genre>					<releasedate>12/02/1994</releasedate>					<nplayers>2</nplayers>					<boxart1>http://thegamesdb.net/banners/boxart/original/front/4926-1.jpg</boxart1>					<boxart2>http://www.mobygames.com/images/covers/l/98396-star-wars-arcade-sega-32x-front-cover.jpg</boxart2>					<boxart3>http://www.mobygames.com/images/covers/l/85858-star-wars-arcade-sega-32x-front-cover.jpg</boxart3>					<boxart4>http://thegamesdb.net/banners/boxart/original/back/4926-1.jpg</boxart4>					<boxart5>http://www.mobygames.com/images/covers/l/98394-star-wars-arcade-sega-32x-back-cover.jpg</boxart5>					<boxart6>http://www.mobygames.com/images/covers/l/98395-star-wars-arcade-sega-32x-media.jpg</boxart6>					<boxart7>http://www.mobygames.com/images/covers/l/85859-star-wars-arcade-sega-32x-back-cover.jpg</boxart7>					<boxart8>http://www.mobygames.com/images/covers/l/85860-star-wars-arcade-sega-32x-media.jpg</boxart8>					<boxart9>http://www.mobygames.com/images/covers/l/14890-star-wars-arcade-sega-32x-media.jpg</boxart9>					<snapshot1>http://thegamesdb.net/banners/screenshots/4926-1.jpg</snapshot1>					<snapshot2>http://www.mobygames.com/images/shots/l/31310-star-wars-arcade-sega-32x-screenshot-introduction.jpg</snapshot2>					<snapshot3>http://www.mobygames.com/images/shots/l/31311-star-wars-arcade-sega-32x-screenshot-title-screen.jpg</snapshot3>					<snapshot4>http://www.mobygames.com/images/shots/l/31312-star-wars-arcade-sega-32x-screenshot-the-story.jpg</snapshot4>					<snapshot5>http://www.mobygames.com/images/shots/l/31313-star-wars-arcade-sega-32x-screenshot-x-wing-info.jpg</snapshot5>					<snapshot6>http://www.mobygames.com/images/shots/l/31314-star-wars-arcade-sega-32x-screenshot-attract-mode.jpg</snapshot6>					<snapshot7>http://www.mobygames.com/images/shots/l/31315-star-wars-arcade-sega-32x-screenshot-game-choices.jpg</snapshot7>					<snapshot8>http://www.mobygames.com/images/shots/l/31316-star-wars-arcade-sega-32x-screenshot-ackbar-s-briefing.jpg</snapshot8>					<snapshot9>http://www.mobygames.com/images/shots/l/31317-star-wars-arcade-sega-32x-screenshot-the-jump-to-light-speed.jpg</snapshot9>					<snapshot10>http://www.mobygames.com/images/shots/l/31318-star-wars-arcade-sega-32x-screenshot-external-camera.jpg</snapshot10>			</game>			<game name="T-Mek (USA, Europe)">					<description>T-Mek (USA, Europe)</description>					<rom crc="66d2c48f" name="T-Mek (USA, Europe).zip" size="3145728"/>					<plot>T-Mek is essentially an updated Battlezone. You are a warrior battling in the T-Mek competition, a hugely popular event in the future. You control a hovercraft and try to blow up everyone else.The action is viewed from your perspective as you travel around the arena. You also have an overall view of where your opponents are. Terrain surfaces and characteristics vary in each battle. In most levels you need to reach a certain score to progress, however there are out-and-out one-off Deathmatch duels to deal with periodically.</plot>					<genre>Action</genre>					<releasedate>01/01/1995</releasedate>					<nplayers>1-2s</nplayers>					<boxart1>http://www.mobygames.com/images/covers/l/14459-t-mek-sega-32x-front-cover.jpg</boxart1>					<boxart2>http://www.mobygames.com/images/covers/l/14460-t-mek-sega-32x-back-cover.jpg</boxart2>					<boxart3>http://www.mobygames.com/images/covers/l/83805-t-mek-sega-32x-media.jpg</boxart3>					<snapshot1>http://www.mobygames.com/images/shots/l/35759-t-mek-sega-32x-screenshot-title-screen.jpg</snapshot1>					<snapshot2>http://www.mobygames.com/images/shots/l/35761-t-mek-sega-32x-screenshot-introduction.jpg</snapshot2>					<snapshot3>http://www.mobygames.com/images/shots/l/35767-t-mek-sega-32x-screenshot-the-first-level-the-desert.jpg</snapshot3>					<snapshot4>http://www.mobygames.com/images/shots/l/35769-t-mek-sega-32x-screenshot-up-close-with-your-foe.jpg</snapshot4>					<snapshot5>http://www.mobygames.com/images/shots/l/35772-t-mek-sega-32x-screenshot-taking-damage.jpg</snapshot5>					<snapshot6>http://www.mobygames.com/images/shots/l/35774-t-mek-sega-32x-screenshot-sometimes-the-graphics-are-a-little.jpg</snapshot6>			</game>			<game name="Tempo (Japan, USA)">					<description>Tempo (Japan, USA)</description>					<rom crc="14e5c575" name="Tempo (Japan, USA).zip" size="3145728"/>					<plot>Tempo is a grasshopper who lives on Planet Rythmia, the world of music. Unfortunately, the malevolent King Dirge is trying to steal all the rhythm from the planet. It's unclear as to how a creature with no appreciation for music became King, but it's up to Tempo to stop him!Tempo's game is a side scrolling platformer with 7 levels. It's a single player game, although you can collect &quot;dance&quot; power-ups that allow you to call your friend, a butterfly, to help you defeat your enemies using killer dance moves.</plot>					<genre>ActionPlatform</genre>					<releasedate>03/24/1995</releasedate>					<nplayers>1</nplayers>					<boxart1>http://thegamesdb.net/banners/boxart/original/front/4927-1.jpg</boxart1>					<boxart2>http://www.mobygames.com/images/covers/l/16654-tempo-sega-32x-front-cover.jpg</boxart2>					<boxart3>http://www.mobygames.com/images/covers/l/199669-tempo-sega-32x-front-cover.jpg</boxart3>					<boxart4>http://thegamesdb.net/banners/boxart/original/back/4927-1.jpg</boxart4>					<boxart5>http://www.mobygames.com/images/covers/l/16655-tempo-sega-32x-back-cover.jpg</boxart5>					<boxart6>http://www.mobygames.com/images/covers/l/199668-tempo-sega-32x-back-cover.jpg</boxart6>					<snapshot1>http://thegamesdb.net/banners/screenshots/4927-1.jpg</snapshot1>					<snapshot2>http://www.mobygames.com/images/shots/l/34008-tempo-sega-32x-screenshot-title-screen.jpg</snapshot2>					<snapshot3>http://www.mobygames.com/images/shots/l/34009-tempo-sega-32x-screenshot-crazy-animated-intro.jpg</snapshot3>					<snapshot4>http://www.mobygames.com/images/shots/l/34010-tempo-sega-32x-screenshot-the-circus.jpg</snapshot4>					<snapshot5>http://www.mobygames.com/images/shots/l/34011-tempo-sega-32x-screenshot-all-the-levels-are-painfully-bright.jpg</snapshot5>					<snapshot6>http://www.mobygames.com/images/shots/l/34013-tempo-sega-32x-screenshot-clever-password-system.jpg</snapshot6>					<snapshot7>http://www.mobygames.com/images/shots/l/34014-tempo-sega-32x-screenshot-one-of-the-bosses-is-a-giant-shoe.jpg</snapshot7>					<snapshot8>http://www.mobygames.com/images/shots/l/34015-tempo-sega-32x-screenshot-invulnerability-leads-to-cows-and.jpg</snapshot8>					<snapshot9>http://www.mobygames.com/images/shots/l/34016-tempo-sega-32x-screenshot-nice-teeth.jpg</snapshot9>			</game>			<game name="Toughman Contest (USA, Europe)">					<description>Toughman Contest (USA, Europe)</description>					<rom crc="14eac7a6" name="Toughman Contest (USA, Europe).zip" size="4194304"/>					<plot>Toughman Contest is a game based on the world famous boxing competition of the same name. You pick one of 24 fighters, compete in one of 5 locations from around the world, and re-create the Toughman tournament as seen on TV.The boxing action is viewed from behind the back of fighter you control. Your fighter is rendered as an outline, so you can see what your opponent is up to and react accordingly. Toughman matches consist of three one minute rounds. Your goal is to KO your opponent by causing their stamina meter to decrease to the point where they fall down, or beating on them enough that you are scored the winner at end of the third round.</plot>					<genre>Sports</genre>					<releasedate>01/01/1995</releasedate>					<nplayers>1-2s</nplayers>					<boxart1>http://thegamesdb.net/banners/boxart/original/front/9082-1.jpg</boxart1>					<boxart2>http://www.mobygames.com/images/covers/l/17144-toughman-contest-sega-32x-front-cover.jpg</boxart2>					<boxart3>http://thegamesdb.net/banners/boxart/original/back/9082-1.jpg</boxart3>					<boxart4>http://www.mobygames.com/images/covers/l/17145-toughman-contest-sega-32x-back-cover.jpg</boxart4>					<boxart5>http://www.mobygames.com/images/covers/l/83978-toughman-contest-sega-32x-media.jpg</boxart5>					<snapshot1>http://www.mobygames.com/images/shots/l/34930-toughman-contest-sega-32x-screenshot-title-screen.jpg</snapshot1>					<snapshot2>http://www.mobygames.com/images/shots/l/34933-toughman-contest-sega-32x-screenshot-choose-a-fighter.jpg</snapshot2>					<snapshot3>http://www.mobygames.com/images/shots/l/34938-toughman-contest-sega-32x-screenshot-south-of-the-border-brawl.jpg</snapshot3>					<snapshot4>http://www.mobygames.com/images/shots/l/34939-toughman-contest-sega-32x-screenshot-those-lions-freak-me-out.jpg</snapshot4>					<snapshot5>http://www.mobygames.com/images/shots/l/34940-toughman-contest-sega-32x-screenshot-peek-a-boo.jpg</snapshot5>			</game>			<game name="Virtua Fighter (Japan, USA)">					<description>Virtua Fighter (Japan, USA)</description>					<rom crc="b5de9626" name="Virtua Fighter (Japan, USA).zip" size="4194304"/>					<plot>Virtua Fighter was the first of it's kind: A one-on-one fighting game featuring fully 3D environments and characters. The fighters and arenas are rendered in flat-shaded polygons. Unlike many fighting games, Virtua Fighter focuses on deep gameplay based on actual fighting styles, rather than outrageous special moves and story lines.There are 8 fighters to choose from in Virtua Fighter, and an equal number of fighting backdrops in which to compete. Each fighter has a distinctive fighting style, and their own set of signature moves.</plot>					<genre>Fighting</genre>					<releasedate>01/01/1995</releasedate>					<nplayers>1-8s</nplayers>					<fanart1>http://thegamesdb.net/banners/fanart/original/4928-1.jpg</fanart1>					<boxart1>http://thegamesdb.net/banners/boxart/original/front/4928-1.jpg</boxart1>					<boxart2>http://www.mobygames.com/images/covers/l/17493-virtua-fighter-sega-32x-front-cover.jpg</boxart2>					<boxart3>http://www.mobygames.com/images/covers/l/35812-virtua-fighter-sega-32x-front-cover.jpg</boxart3>					<boxart4>http://thegamesdb.net/banners/boxart/original/back/4928-1.jpg</boxart4>					<boxart5>http://www.mobygames.com/images/covers/l/17494-virtua-fighter-sega-32x-back-cover.jpg</boxart5>					<boxart6>http://www.mobygames.com/images/covers/l/99725-virtua-fighter-sega-32x-media.jpg</boxart6>					<boxart7>http://www.mobygames.com/images/covers/l/35813-virtua-fighter-sega-32x-back-cover.jpg</boxart7>					<snapshot1>http://thegamesdb.net/banners/screenshots/4928-1.jpg</snapshot1>					<snapshot2>http://www.mobygames.com/images/shots/l/35653-virtua-fighter-sega-32x-screenshot-title-screen.jpg</snapshot2>					<snapshot3>http://www.mobygames.com/images/shots/l/35654-virtua-fighter-sega-32x-screenshot-opening-fights.jpg</snapshot3>					<snapshot4>http://www.mobygames.com/images/shots/l/35655-virtua-fighter-sega-32x-screenshot-player-selectification.jpg</snapshot4>					<snapshot5>http://www.mobygames.com/images/shots/l/35656-virtua-fighter-sega-32x-screenshot-jacky-vs-jacky.jpg</snapshot5>					<snapshot6>http://www.mobygames.com/images/shots/l/35657-virtua-fighter-sega-32x-screenshot-jeffry-throws-jacky.jpg</snapshot6>					<snapshot7>http://www.mobygames.com/images/shots/l/35658-virtua-fighter-sega-32x-screenshot-sarah-gets-knocked-down.jpg</snapshot7>					<snapshot8>http://www.mobygames.com/images/shots/l/35659-virtua-fighter-sega-32x-screenshot-kage-has-some-cool-throws.jpg</snapshot8>					<snapshot9>http://www.mobygames.com/images/shots/l/35660-virtua-fighter-sega-32x-screenshot-squaring-off-against-wolf.jpg</snapshot9>					<clearlogo1>http://thegamesdb.net/banners/clearlogo/4928.png</clearlogo1>			</game>			<game name="Virtua Hamster (USA) (Proto)">					<description>Virtua Hamster (USA) (Proto)</description>					<rom crc="cd54ac37" name="Virtua Hamster (USA) (Proto).zip" size="2097152"/>					<plot>Virtua Hamster is a unreleased Sega 32X game. The game was to star a variety of selectable rodents attached to rocket packs who could travel through a series of connected tubes, fighting each other and avoiding various obstacles.It was built solely with the 32X in mind, however after the console failed development moved to the Sega Saturn for a short while before being axed completely. It is also reported that Sega of Japan were not keen on use of the &quot;Virtua&quot; in the game's name, possibly so that the game was not associated with Sega AM2's Virtua Fighter and Virtua Racing. An alternate box mock-up uses the title Virtual Hamster instead.In August 2009, Ryo Suzuki of SEGASaturno.com dumped an early prototype version of this game. In it, the only selectable character is hamster, Chip, and there is only one empty level (though there are numerous non-moving 3D models of other characters and items dotted around the map). A resets the game, and B/C can be used to move the camera forwards and backwards through the tube. There are also two Sega screens.</plot>					<genre>Racing</genre>					<releasedate>01/01/1995</releasedate>					<nplayers>1</nplayers>					<boxart1>http://thegamesdb.net/banners/boxart/original/front/20518-1.jpg</boxart1>					<boxart2>http://www.mobygames.com/images/covers/l/17493-virtua-fighter-sega-32x-front-cover.jpg</boxart2>					<boxart3>http://www.mobygames.com/images/covers/l/35812-virtua-fighter-sega-32x-front-cover.jpg</boxart3>					<boxart4>http://www.mobygames.com/images/covers/l/17494-virtua-fighter-sega-32x-back-cover.jpg</boxart4>					<boxart5>http://www.mobygames.com/images/covers/l/99725-virtua-fighter-sega-32x-media.jpg</boxart5>					<boxart6>http://www.mobygames.com/images/covers/l/35813-virtua-fighter-sega-32x-back-cover.jpg</boxart6>					<snapshot1>http://www.mobygames.com/images/shots/l/35653-virtua-fighter-sega-32x-screenshot-title-screen.jpg</snapshot1>					<snapshot2>http://www.mobygames.com/images/shots/l/35654-virtua-fighter-sega-32x-screenshot-opening-fights.jpg</snapshot2>					<snapshot3>http://www.mobygames.com/images/shots/l/35655-virtua-fighter-sega-32x-screenshot-player-selectification.jpg</snapshot3>					<snapshot4>http://www.mobygames.com/images/shots/l/35656-virtua-fighter-sega-32x-screenshot-jacky-vs-jacky.jpg</snapshot4>					<snapshot5>http://www.mobygames.com/images/shots/l/35657-virtua-fighter-sega-32x-screenshot-jeffry-throws-jacky.jpg</snapshot5>					<snapshot6>http://www.mobygames.com/images/shots/l/35658-virtua-fighter-sega-32x-screenshot-sarah-gets-knocked-down.jpg</snapshot6>					<snapshot7>http://www.mobygames.com/images/shots/l/35659-virtua-fighter-sega-32x-screenshot-kage-has-some-cool-throws.jpg</snapshot7>					<snapshot8>http://www.mobygames.com/images/shots/l/35660-virtua-fighter-sega-32x-screenshot-squaring-off-against-wolf.jpg</snapshot8>			</game>			<game name="Virtua Racing Deluxe (USA)">					<description>Virtua Racing Deluxe (USA)</description>					<rom crc="7896b62e" name="Virtua Racing Deluxe (USA).zip" size="3145728"/>					<plot>Virtua Racing Deluxe is an enhanced arcade-to-console conversion of Sega's 3D racing game. This game is primarily an arcade-style affair; Players compete in a 5 lap race with timed checkpoints. It's also possible to play with 2 players in a split-screen mode.The 32X version of Virtua Racing adds a couple of new features. There are now 3 different types of cars to drive, including a stock car and a prototype racer. Furthermore, there are two all-new tracks.</plot>					<genre>Racing</genre>					<releasedate>02/05/1994</releasedate>					<nplayers>2</nplayers>					<boxart1>http://thegamesdb.net/banners/boxart/original/front/4929-1.jpg</boxart1>					<boxart2>http://www.mobygames.com/images/covers/l/15687-virtua-racing-deluxe-sega-32x-front-cover.jpg</boxart2>					<boxart3>http://www.mobygames.com/images/covers/l/23038-virtua-racing-deluxe-sega-32x-front-cover.jpg</boxart3>					<boxart4>http://thegamesdb.net/banners/boxart/original/back/4929-1.jpg</boxart4>					<boxart5>http://www.mobygames.com/images/covers/l/15688-virtua-racing-deluxe-sega-32x-back-cover.jpg</boxart5>					<boxart6>http://www.mobygames.com/images/covers/l/79894-virtua-racing-deluxe-sega-32x-media.jpg</boxart6>					<boxart7>http://www.mobygames.com/images/covers/l/23039-virtua-racing-deluxe-sega-32x-back-cover.jpg</boxart7>					<boxart8>http://www.mobygames.com/images/covers/l/85514-virtua-racing-deluxe-sega-32x-media.jpg</boxart8>					<snapshot1>http://thegamesdb.net/banners/screenshots/4929-1.jpg</snapshot1>					<snapshot2>http://www.mobygames.com/images/shots/l/32643-virtua-racing-deluxe-sega-32x-screenshot-title-screen.jpg</snapshot2>					<snapshot3>http://www.mobygames.com/images/shots/l/32644-virtua-racing-deluxe-sega-32x-screenshot-opening-demo.jpg</snapshot3>					<snapshot4>http://www.mobygames.com/images/shots/l/32645-virtua-racing-deluxe-sega-32x-screenshot-main-menu.jpg</snapshot4>					<snapshot5>http://www.mobygames.com/images/shots/l/32646-virtua-racing-deluxe-sega-32x-screenshot-pit-stop.jpg</snapshot5>					<snapshot6>http://www.mobygames.com/images/shots/l/32647-virtua-racing-deluxe-sega-32x-screenshot-racing-a-stock-car.jpg</snapshot6>					<snapshot7>http://www.mobygames.com/images/shots/l/118688-virtua-racing-deluxe-sega-32x-screenshot-race-finished-car.jpg</snapshot7>					<snapshot8>http://www.mobygames.com/images/shots/l/32648-virtua-racing-deluxe-sega-32x-screenshot-post-race-replay.jpg</snapshot8>			</game>			<game name="World Series Baseball Starring Deion Sanders (USA)">					<description>World Series Baseball Starring Deion Sanders (USA)</description>					<rom crc="6de1bc75" name="World Series Baseball Starring Deion Sanders (USA).zip" size="3145728"/>					<plot>World Series Baseball Starring Deion Sanders is an entry in the World Series Baseball series, and was released exclusively on the Sega 32X in 1995. It was not released outside of North America.</plot>					<genre>Sports</genre>					<releasedate>01/01/1995</releasedate>					<nplayers>1-2s</nplayers>					<boxart1>http://thegamesdb.net/banners/boxart/original/front/20521-1.png</boxart1>					<boxart2>http://www.mobygames.com/images/covers/l/17372-world-series-baseball-starring-deion-sanders-sega-32x-front-cover.jpg</boxart2>					<boxart3>http://www.mobygames.com/images/covers/l/17373-world-series-baseball-starring-deion-sanders-sega-32x-back-cover.jpg</boxart3>					<snapshot1>http://www.mobygames.com/images/shots/l/35419-world-series-baseball-starring-deion-sanders-sega-32x-screenshot.jpg</snapshot1>					<snapshot2>http://www.mobygames.com/images/shots/l/35420-world-series-baseball-starring-deion-sanders-sega-32x-screenshot.jpg</snapshot2>					<snapshot3>http://www.mobygames.com/images/shots/l/35421-world-series-baseball-starring-deion-sanders-sega-32x-screenshot.jpg</snapshot3>					<snapshot4>http://www.mobygames.com/images/shots/l/35422-world-series-baseball-starring-deion-sanders-sega-32x-screenshot.jpg</snapshot4>					<snapshot5>http://www.mobygames.com/images/shots/l/35423-world-series-baseball-starring-deion-sanders-sega-32x-screenshot.jpg</snapshot5>			</game>			<game name="WWF Raw (World)">					<description>WWF Raw (World)</description>					<rom crc="8eb7cd2c" name="WWF Raw (World).zip" size="4194304"/>					<plot>WWF Raw is a professional wrestling game featuring up to twelve superstars (ten in the GameGear, eight in the GameBoy version) from the World Wrestling Federation: Bret &amp;quot;Hit Man&amp;quot; Hart, Bam Bam Bigelow, 1-2-3 Kid, Diesel, Doink, Lex Luger, Luna Vachon, Owen Hart, Razor Ramon, Shawn Michaels, Undertaker, and Yokozuna.In this game, player-controlled wrestlers attempt to pin the opponents to the mat by reducing their power meter until they can fight no more. There is a large number of moves to perform, including turnbuckle maneuvers and &amp;quot;illegal&amp;quot; acts such as hitting the opponent with a metal folding chair.This game supports up to four simultaneous players, and has the following modes: One-on-One, Tag Team, Bedlam, Survivor Series, Royal Rumble, Raw Endurance Match, and Rematch. </plot>					<genre>Sports</genre>					<releasedate>01/01/1994</releasedate>					<nplayers>1-4s</nplayers>					<boxart1>http://www.mobygames.com/images/covers/l/17378-wwf-raw-sega-32x-front-cover.jpg</boxart1>					<boxart2>http://www.mobygames.com/images/covers/l/17379-wwf-raw-sega-32x-back-cover.jpg</boxart2>					<boxart3>http://www.mobygames.com/images/covers/l/83984-wwf-raw-sega-32x-media.jpg</boxart3>					<snapshot1>http://www.mobygames.com/images/shots/l/35424-wwf-raw-sega-32x-screenshot-title-screen.jpg</snapshot1>					<snapshot2>http://www.mobygames.com/images/shots/l/35425-wwf-raw-sega-32x-screenshot-yokozuna-apparently-lost-100-lbs.jpg</snapshot2>					<snapshot3>http://www.mobygames.com/images/shots/l/35426-wwf-raw-sega-32x-screenshot-undertaker-vs-1-2-3-kid.jpg</snapshot3>					<snapshot4>http://www.mobygames.com/images/shots/l/624840-wwf-raw-sega-32x-screenshot-menu.jpg</snapshot4>					<snapshot5>http://www.mobygames.com/images/shots/l/624842-wwf-raw-sega-32x-screenshot-character-portrait.jpg</snapshot5>					<snapshot6>http://www.mobygames.com/images/shots/l/624844-wwf-raw-sega-32x-screenshot-logo-of-the-winner.jpg</snapshot6>					<snapshot7>http://www.mobygames.com/images/shots/l/624846-wwf-raw-sega-32x-screenshot-teams-of-two.jpg</snapshot7>			</game>			<game name="WWF WrestleMania - The Arcade Game (USA)">					<description>WWF WrestleMania - The Arcade Game (USA)</description>					<rom crc="61833503" name="WWF WrestleMania - The Arcade Game (USA).zip" size="4194304"/>					<plot>WrestleMania's one-player mode has the player choose one of eight wrestlers - Bam Bam Bigelow, Bret Hart, Doink the Clown, Lex Luger, Razor Ramon, Shawn Michaels, The Undertaker or Yokozuna. One unique feature is that each character can &quot;bleed&quot; his respective objects other than blood upon taking damage from most attacks in the Mortal Kombat sense. Such &quot;bleeding&quot; objects include Yokozuna's food and Bam Bam Bigelow's flames.WWF WrestleMania features two single-player modes: the Intercontinental Championship and the WWF Championship. In the Intercontinental Championship mode, the player must win four one-on-one matches, two two-on-one matches, and one three-on-one match to win the title. In the more difficult WWF Championship mode, the player must win four two-on-one matches, two three-on-one matches, and finally a &quot;WrestleMania Challenge,&quot; where the player must defeat every wrestler in the game in a gauntlet, starting with a three-on-one setup, with each eliminated opponent being replaced with another until all eight have been defeated.The game also features two multi-player modes; head to head, a one-on-one match between two players, or cooperative, where the two players team up in a tag team version of the WrestleMania Challenge in which they must defeat the game's eight wrestlers in groups of two to become the Tag Team Champions.</plot>					<genre>Sports</genre>					<releasedate>01/01/1995</releasedate>					<nplayers>2</nplayers>					<boxart1>http://thegamesdb.net/banners/boxart/original/front/14263-1.jpg</boxart1>					<boxart2>http://www.mobygames.com/images/covers/l/17130-wwf-wrestlemania-sega-32x-front-cover.jpg</boxart2>					<boxart3>http://thegamesdb.net/banners/boxart/original/back/14263-1.jpg</boxart3>					<boxart4>http://www.mobygames.com/images/covers/l/17131-wwf-wrestlemania-sega-32x-back-cover.jpg</boxart4>					<snapshot1>http://www.mobygames.com/images/shots/l/34809-wwf-wrestlemania-sega-32x-screenshot-title-screen.jpg</snapshot1>					<snapshot2>http://www.mobygames.com/images/shots/l/34810-wwf-wrestlemania-sega-32x-screenshot-wrestler-bio.jpg</snapshot2>					<snapshot3>http://www.mobygames.com/images/shots/l/34811-wwf-wrestlemania-sega-32x-screenshot-razor-ramon-vs-bret-hart.jpg</snapshot3>					<snapshot4>http://www.mobygames.com/images/shots/l/34812-wwf-wrestlemania-sega-32x-screenshot-2-on-one-that-s-not-fair.jpg</snapshot4>					<snapshot5>http://www.mobygames.com/images/shots/l/34813-wwf-wrestlemania-sega-32x-screenshot-underneath-yokozuna-is.jpg</snapshot5>					<clearlogo1>http://thegamesdb.net/banners/clearlogo/14263.png</clearlogo1>			</game>			<game name="X-Men (USA) (Proto)">				<description>X-Men (USA) (Proto)</description>				<rom crc="d61febc0" name="X-Men (USA) (Proto).zip" size="4194304"/>			</game>	</datafile>