<?xml version="1.0" encoding="UTF-8" standalone="yes"?>
<addon id="game.controller.saturn"
        name="Sega Saturn Controller"
        version="1.0.0"
        provider-name="garbear">
    <requires>
        <import addon="kodi.game" version="1.0.0"/>
    </requires>
    <extension point="kodi.game.controller" library="layout.xml"/>
    <extension point="xbmc.addon.metadata">
        <summary>Sega Saturn controller</summary>
        <description>Saturn controllers came in various color schemes to match different models of the console.</description>
        <disclaimer></disclaimer>
        <platform>all</platform>
        <nofanart>true</nofanart>
    </extension>
</addon>
