<?xml version="1.0" encoding="UTF-8" standalone="yes"?>
<addon id="content.game.internet.archive" name="Internet Archive" version="1.0.0." provider-name="Garrett Brown">
  <requires>
    <import addon="xbmc.python" version="2.14.0"/>
    <import addon="script.module.xbmcswift2" version="2.4.0"/>
  </requires>
  <extension point="kodi.content.game" library="addon.py"/>
  <extension point="xbmc.addon.metadata">
    <summary>Internet Archive</summary>
    <description>The Internet Archive provides free public access to collections of digitized materials, including web sites, software applications and games. As of October 2012, its collection topped 10 petabytes.

Based on Internet Archive ROM Launcher by Zach Morris.</description>
    <platform>all</platform>
  </extension>
</addon>
