<parserConfig>
    <GameGrammar type="xml" root="game">
        <rom_filename>./@name</rom_filename>
        <rom_supporting_file>./@romof</rom_supporting_file>
        <rom_size>rom/@size</rom_size>
        <rom_name>description</rom_name>
        <rom_plot>plot</rom_plot>
        <rom_year>year</rom_year>
        <rom_author>manufacturer</rom_author>
        <rom_category>category</rom_category>
        <rom_players>nplayers</rom_players>
        <rom_emu_command>emu_command</rom_emu_command>
        <rom_snapshot1>snapshot1</rom_snapshot1>
        <rom_snapshot2>snapshot2</rom_snapshot2>
        <rom_snapshot3>snapshot3</rom_snapshot3>
        <rom_snapshot4>snapshot4</rom_snapshot4>
        <rom_snapshot5>snapshot5</rom_snapshot5>
        <rom_snapshot6>snapshot6</rom_snapshot6>
        <rom_snapshot7>snapshot7</rom_snapshot7>
        <rom_snapshot8>snapshot8</rom_snapshot8>
        <rom_snapshot9>snapshot9</rom_snapshot9>
        <rom_snapshot10>snapshot10</rom_snapshot10>
        <rom_fanart1>fanart1</rom_fanart1>
        <rom_fanart2>fanart2</rom_fanart2>
        <rom_fanart3>fanart3</rom_fanart3>
        <rom_fanart4>fanart4</rom_fanart4>
        <rom_fanart5>fanart5</rom_fanart5>
        <rom_fanart6>fanart6</rom_fanart6>
        <rom_fanart7>fanart7</rom_fanart7>
        <rom_fanart8>fanart8</rom_fanart8>
        <rom_fanart9>fanart9</rom_fanart9>
        <rom_fanart10>fanart10</rom_fanart10>
        <rom_boxart1>boxart1</rom_boxart1>
        <rom_boxart2>boxart2</rom_boxart2>
        <rom_boxart3>boxart3</rom_boxart3>
        <rom_boxart4>boxart4</rom_boxart4>
        <rom_boxart5>boxart5</rom_boxart5>
        <rom_boxart6>boxart6</rom_boxart6>
        <rom_boxart7>boxart7</rom_boxart7>
        <rom_boxart8>boxart8</rom_boxart8>
        <rom_boxart9>boxart9</rom_boxart9>
        <rom_boxart10>boxart10</rom_boxart10>
        <rom_banner1>banner1</rom_banner1>
        <rom_banner2>banner2</rom_banner2>
        <rom_banner3>banner3</rom_banner3>
        <rom_banner4>banner4</rom_banner4>
        <rom_banner5>banner5</rom_banner5>
        <rom_banner6>banner6</rom_banner6>
        <rom_banner7>banner7</rom_banner7>
        <rom_banner8>banner8</rom_banner8>
        <rom_banner9>banner9</rom_banner9>
        <rom_banner10>banner10</rom_banner10>
        <rom_clearlogo1>clearlogo1</rom_clearlogo1>
        <rom_clearlogo2>clearlogo2</rom_clearlogo2>
        <rom_clearlogo3>clearlogo3</rom_clearlogo3>
        <rom_clearlogo4>clearlogo4</rom_clearlogo4>
        <rom_clearlogo5>clearlogo5</rom_clearlogo5>
        <rom_clearlogo6>clearlogo6</rom_clearlogo6>
        <rom_clearlogo7>clearlogo7</rom_clearlogo7>
        <rom_clearlogo8>clearlogo8</rom_clearlogo8>
        <rom_clearlogo9>clearlogo9</rom_clearlogo9>
        <rom_clearlogo10>clearlogo10</rom_clearlogo10>
        <rom_videoid>videoid</rom_videoid>
    </GameGrammar>
</parserConfig>