<?xml version="1.0" encoding="UTF-8" standalone="yes"?>
<addon id="game.controller.ps"
        name="PS Controller"
        version="1.0.0"
        provider-name="garbear">
    <requires>
    </requires>
    <extension point="kodi.game.controller" library="layout.xml"/>
    <extension point="xbmc.addon.metadata">
        <summary>PS controller</summary>
        <description>The PlayStation Controller was a gamepad for the PlayStation. It was released by Sony Computer Entertainment in 1994.</description>
        <disclaimer></disclaimer>
        <platform>all</platform>
        <nofanart>true</nofanart>
    </extension>
</addon>
