<?xml version="1.0" encoding="UTF-8" standalone="yes"?>
<layout name="PS" label="30000" image="layout.png">
  <button name="cross" type="digital" label="30001"/>
  <button name="circle" type="digital" label="30002"/>
  <button name="square" type="digital" label="30003"/>
  <button name="triangle" type="digital" label="30004"/>
  <button name="start" type="digital" label="30005"/>
  <button name="select" type="digital" label="30006"/>
  <button name="up" type="digital" label="30007" direction="up"/>
  <button name="down" type="digital" label="30008" direction="down"/>
  <button name="right" type="digital" label="30009" direction="right"/>
  <button name="left" type="digital" label="30010" direction="left"/>
  <button name="leftbumper" type="digital" label="30011"/>
  <button name="rightbumper" type="digital" label="30012"/>
  <button name="lefttrigger" type="digital" label="30013"/>
  <button name="righttrigger" type="digital" label="30014"/>
</layout>
