<?xml version="1.0" encoding="UTF-8" standalone="yes"?>
<addon id="game.controller.gba"
        name="Game Boy Advance"
        version="1.0.0"
        provider-name="garbear">
    <requires>
        <import addon="kodi.game" version="1.0.0"/>
    </requires>
    <extension point="kodi.game.controller" library="layout.xml"/>
    <extension point="xbmc.addon.metadata">
        <summary>Game Boy Advance</summary>
        <description>Game Boy Advance is a 32-bit handheld video game console developed, manufactured and marketed by Nintendo.

Layout credit: ThaFake (thafake.deviantart.com)</description>
        <disclaimer></disclaimer>
        <platform>all</platform>
        <nofanart>true</nofanart>
    </extension>
</addon>
