<?xml version="1.0" encoding="UTF-8" standalone="yes"?>
<addon id="game.controller.n64"
        name="N64 Controller"
        version="1.0.0"
        provider-name="garbear">
    <requires>
        <import addon="kodi.game" version="1.0.0"/>
    </requires>
    <extension point="kodi.game.controller" library="layout.xml"/>
    <extension point="xbmc.addon.metadata">
        <summary>Nintendo 64 controller</summary>
        <description>The Nintendo 64 controller, released in 1996, features ten buttons, a digital control stick and a directional pad, all laid out in an "M" shape.

Layout credit: Andrew Moore</description>
        <disclaimer></disclaimer>
        <platform>all</platform>
        <nofanart>true</nofanart>
    </extension>
</addon>
