<?xml version="1.0" encoding="UTF-8" standalone="yes"?>
<layout name="N64" label="30000" image="layout.png">
	<face>
		<button name="a" type="digital" label="30001"/>
		<button name="b" type="digital" label="30002"/>
		<button name="start" type="digital" label="30003"/>
		<button name="cup" type="digital" label="30004"/>
		<button name="cdown" type="digital" label="30005"/>
		<button name="cright" type="digital" label="30006"/>
		<button name="cleft" type="digital" label="30007"/>
		<button name="up" type="digital" label="30008" direction="up"/>
		<button name="down" type="digital" label="30009" direction="down"/>
		<button name="right" type="digital" label="30010" direction="right"/>
		<button name="left" type="digital" label="30011" direction="left"/>
	</face>
	<shoulder>
		<button name="leftbumper" type="digital" label="30012"/>
		<button name="rightbumper" type="digital" label="30013"/>
	</shoulder>
	<triggers>
		<button name="z" type="digital" label="30014"/>
	</triggers>
	<analogsticks>
		<analogstick name="analogstick" label="30015"/>
	</analogsticks>
</layout>
