<?xml version="1.0" encoding="UTF-8" standalone="yes"?>
<addon id="game.controller.genesis"
        name="Sega Genesis Controller"
        version="1.0.0"
        provider-name="garbear">
    <requires>
        <import addon="kodi.game" version="1.0.0"/>
    </requires>
    <extension point="kodi.game.controller" library="layout.xml"/>
    <extension point="xbmc.addon.metadata">
        <summary>Sega Genesis controller</summary>
        <description>The original Genesis controller had a directional pad, three main buttons and a start button. Sega later released a six-button version in 1993 with three additional face buttons.</description>
        <disclaimer></disclaimer>
        <platform>all</platform>
        <nofanart>true</nofanart>
    </extension>
</addon>
